1,Sunday,UBS,NEJ,queue
1,Monday,FSW,OZG,
1,Tuesday,OVR,RMB,
1,Wednesday,LSX,GFN,
1,Thursday,DUV,YIX,
1,Friday,JML,DES,beyond
1,Saturday,SBF,NPW,
1,Sunday,OFD,VCU,
1,Monday,CPH,MSR,
1,Tuesday,ZPR,YZM,
1,Wednesday,YZD,AZQ,
1,Thursday,FPN,XTG,
1,Friday,JKE,WLH,
1,Saturday,VQH,KFV,
2,Sunday,BZR,YVG,queue
2,Monday,WUQ,CKL,
2,Tuesday,ULO,JAE,
2,Wednesday,YVO,SJI,
2,Thursday,HOC,BTE,
2,Friday,FIE,YSO,beyond
2,Saturday,FDY,UMC,
2,Sunday,FKC,IHS,
2,Monday,BQW,SOI,
2,Tuesday,LQI,XJO,
2,Wednesday,SVA,WAO,
2,Thursday,VOM,ISX,
2,Friday,PKR,QRZ,
2,Saturday,DBW,YJF,
3,Sunday,GHM,ARY,queue
3,Monday,HZN,FDI,
3,Tuesday,PKY,PCT,
3,Wednesday,CNZ,HDM,
3,Thursday,OAQ,HQL,
3,Friday,BSI,DSL,beyond
3,Saturday,DFT,XGF,
3,Sunday,BTC,WFK,
3,Monday,PCK,WFJ,
3,Tuesday,EGH,BPI,
3,Wednesday,JKF,LNV,
3,Thursday,WPO,DYA,
3,Friday,IGR,RVG,
3,Saturday,KDR,RIK,
4,Sunday,TVM,FPJ,queue
4,Monday,VOC,DRH,
4,Tuesday,HUX,SOV,
4,Wednesday,MQX,BKI,
4,Thursday,DXG,UXS,
4,Friday,QKG,RHG,beyond
4,Saturday,OFM,OLA,
4,Sunday,QFZ,OSI,
4,Monday,LFO,KVX,
4,Tuesday,HFA,EBQ,
4,Wednesday,QVC,XMP,
4,Thursday,KGA,KDO,
4,Friday,MKW,JZX,
4,Saturday,SVA,IXW,
5,Sunday,OEB,LIM,queue
5,Monday,GZO,JLW,
5,Tuesday,HIF,GMX,
5,Wednesday,ZIY,LZG,
5,Thursday,ETS,CZE,
5,Friday,REG,KVQ,beyond
5,Saturday,DUK,DYN,
5,Sunday,RNW,OBF,
5,Monday,HIM,ZHQ,
5,Tuesday,UKD,WQP,
5,Wednesday,BYN,LNH,
5,Thursday,HOC,BXO,
5,Friday,DUJ,XGF,
5,Saturday,PDX,KOQ,
6,Sunday,QEW,PZU,queue
6,Monday,KJV,HXZ,
6,Tuesday,VAG,EOD,
6,Wednesday,ZQN,IBU,
6,Thursday,EZW,TOH,
6,Friday,PER,ITU,beyond
6,Saturday,COH,NBU,
6,Sunday,KIL,IGL,
6,Monday,YWK,BOX,
6,Tuesday,EAX,SCE,
6,Wednesday,EAL,NDU,
6,Thursday,JLW,MPN,
6,Friday,MTS,ARY,
6,Saturday,PMA,KWE,
7,Sunday,JMT,YWC,queue
7,Monday,KVX,XTJ,
7,Tuesday,HOK,KIL,
7,Wednesday,JWR,VAG,
7,Thursday,LCK,GWU,
7,Friday,JGY,PQZ,beyond
7,Saturday,RMB,KFU,
7,Sunday,IDG,PDX,
7,Monday,IWZ,AMD,
7,Tuesday,VEL,HFG,
7,Wednesday,COR,LCU,
7,Thursday,NEQ,ETS,
7,Friday,BXO,QOE,
7,Saturday,NRZ,FYI,
8,Sunday,YDP,XPQ,queue
8,Monday,WLE,LID,
8,Tuesday,WQA,EYP,
8,Wednesday,OVR,TMZ,
8,Thursday,KTB,RNW,
8,Friday,XTJ,JZP,beyond
8,Saturday,EKY,KZC,
8,Sunday,FYZ,EYW,
8,Monday,XDE,CLN,
8,Tuesday,YZM,TCU,
8,Wednesday,LOJ,SHZ,
8,Thursday,SCF,OCG,
8,Friday,QUE,AQN,
8,Saturday,RSK,XCM,
9,Sunday,LBC,NRZ,queue
9,Monday,YOK,EAL,
9,Tuesday,LQX,QNE,
9,Wednesday,TOH,VRH,
9,Thursday,MUQ,RME,
9,Friday,RNW,UGD,beyond
9,Saturday,VBT,SVR,
9,Sunday,SBI,VEL,
9,Monday,LWF,GYV,
9,Tuesday,KCF,GBK,
9,Wednesday,GMJ,HJT,
9,Thursday,QEN,BXO,
9,Friday,KJV,LGE,
9,Saturday,TVW,BTE,
10,Sunday,FDH,XMP,queue
10,Monday,YCM,JYI,
10,Tuesday,NTP,MHL,
10,Wednesday,IRJ,AVG,
10,Thursday,XGN,BNX,
10,Friday,QVJ,GMJ,beyond
10,Saturday,EFB,ZJE,
10,Sunday,VJZ,HMJ,
10,Monday,KWE,ASE,
10,Tuesday,UMQ,VCU,
10,Wednesday,NSD,YGZ,
10,Thursday,BQY,SRZ,
10,Friday,RME,DFC,
10,Saturday,YJF,XGF,
11,Sunday,GXZ,RSI,queue
11,Monday,LQI,NSD,
11,Tuesday,EZB,WRF,
11,Wednesday,GLQ,MQR,
11,Thursday,ASD,SFK,
11,Friday,VAG,TDS,beyond
11,Saturday,ORI,HDI,
11,Sunday,ZFB,JEK,
11,Monday,ZAJ,UIR,
11,Tuesday,EGQ,FPN,
11,Wednesday,NTH,FYA,
11,Thursday,JTE,KCF,
11,Friday,BXO,QUT,
11,Saturday,NSR,LZG,
12,Sunday,KFU,QCL,queue
12,Monday,NER,JVG,
12,Tuesday,NAB,NVT,
12,Wednesday,CFK,SCX,
12,Thursday,RKF,LCK,
12,Friday,HIF,IYU,beyond
12,Saturday,TGA,ZYE,
12,Sunday,SVY,NKV,
12,Monday,UXB,IAF,
12,Tuesday,UPH,MOB,
12,Wednesday,YUQ,GTE,
12,Thursday,XMP,IAC,
12,Friday,DWY,HDM,
12,Saturday,PHD,NJX,
13,Sunday,AWK,JAU,queue
13,Monday,NEJ,GLN,
13,Tuesday,OSI,MPN,
13,Wednesday,LVK,POB,
13,Thursday,YQG,AHQ,
13,Friday,ZIT,VNM,beyond
13,Saturday,CHX,KWE,
13,Sunday,IJM,FDZ,
13,Monday,TYO,JLW,
13,Tuesday,CRN,MWB,
13,Wednesday,NUZ,OCA,
13,Thursday,NRZ,BOX,
13,Friday,DSL,MHL,
13,Saturday,FBC,XED,
14,Sunday,NMZ,KVQ,queue
14,Monday,MLI,SBT,
14,Tuesday,JMU,SNE,
14,Wednesday,WUJ,TRS,
14,Thursday,LFO,RSK,
14,Friday,YPC,FKS,beyond
14,Saturday,QKZ,MEH,
14,Sunday,TLP,IUZ,
14,Monday,XDE,HIS,
14,Tuesday,LXT,HUX,
14,Wednesday,TCI,KJM,
14,Thursday,XGF,XBN,
14,Friday,SRD,XFG,
14,Saturday,BKS,LZW,
15,Sunday,SXM,EOD,queue
15,Monday,DXT,SBI,
15,Tuesday,TKV,XPQ,
15,Wednesday,GCB,JPC,
15,Thursday,LTR,KFJ,
15,Friday,JPO,KQA,beyond
15,Saturday,TJP,ZDY,
15,Sunday,RXL,SNH,
15,Monday,ZQS,PYW,
15,Tuesday,IBU,GHY,
15,Wednesday,XSY,WQO,
15,Thursday,NUH,LUF,
15,Friday,ULD,HZV,
15,Saturday,TRS,MEF,
16,Sunday,CVG,WEG,queue
16,Monday,KDO,SWT,
16,Tuesday,LSF,WCF,
16,Wednesday,KFV,QCL,
16,Thursday,ZBU,RSI,
16,Friday,QNE,ULD,beyond
16,Saturday,DCA,LRC,
16,Sunday,VQY,FVO,
16,Monday,VYP,FVE,
16,Tuesday,VKJ,MBS,
16,Wednesday,GEF,INF,
16,Thursday,TYK,BUP,
16,Friday,USE,SVM,
16,Saturday,NMZ,LQX,
17,Sunday,LCK,RMO,queue
17,Monday,QOE,AGF,
17,Tuesday,SCX,CAD,
17,Wednesday,VOE,RXL,
17,Thursday,QYX,BMD,
17,Friday,MEH,QFZ,beyond
17,Saturday,EGH,KVR,
17,Sunday,TRB,VQH,
17,Monday,UFR,RPS,
17,Tuesday,NJX,VUX,
17,Wednesday,LXM,UBM,
17,Thursday,PZU,JBZ,
17,Friday,QRZ,PRN,
17,Saturday,EYB,FYM,
18,Sunday,DCY,SOV,queue
18,Monday,JZT,IXH,
18,Tuesday,KQL,UWY,
18,Wednesday,BXV,AHQ,
18,Thursday,BQW,EBH,
18,Friday,TBY,OXN,beyond
18,Saturday,KER,IRV,
18,Sunday,YIX,QKG,
18,Monday,UVQ,TAS,
18,Tuesday,OGS,JFL,
18,Wednesday,RPS,VJC,
18,Thursday,FPJ,WPF,
18,Friday,IDS,GJO,
18,Saturday,SUA,COR,
19,Sunday,BFP,XVL,queue
19,Monday,NLT,CWS,
19,Tuesday,STW,GQF,
19,Wednesday,TJY,KJV,
19,Thursday,KZC,BUP,
19,Friday,FSG,SGB,beyond
19,Saturday,STF,KYL,
19,Sunday,KCF,LNV,
19,Monday,ANU,ORI,
19,Tuesday,EYJ,PYA,
19,Wednesday,NYK,WUQ,
19,Thursday,JZH,HIF,
19,Friday,MXP,ICL,
19,Saturday,NBM,ASO,
20,Sunday,SWF,FUP,queue
20,Monday,ZVP,SFC,
20,Tuesday,QKS,VOM,
20,Wednesday,QKZ,ZQN,
20,Thursday,AJI,PBZ,
20,Friday,HAW,SBL,beyond
20,Saturday,RIK,OCG,
20,Sunday,GYV,ISX,
20,Monday,MPF,MAV,
20,Tuesday,SNH,JBS,
20,Wednesday,PSM,KSZ,
20,Thursday,LEU,QVJ,
20,Friday,WFK,OYI,
20,Saturday,IAZ,CKL,
21,Sunday,KVR,AOM,queue
21,Monday,VST,PRQ,
21,Tuesday,MHL,BXT,
21,Wednesday,ATJ,USN,
21,Thursday,FKS,VHS,
21,Friday,QRZ,HZV,beyond
21,Saturday,LQX,ZGK,
21,Sunday,KDQ,WLE,
21,Monday,VJZ,NAF,
21,Tuesday,ZKX,TCI,
21,Wednesday,MUY,EST,
21,Thursday,YIX,RSK,
21,Friday,HSD,KJT,
21,Saturday,ZDY,LIM,
22,Sunday,NRZ,JKF,queue
22,Monday,HAW,OLA,
22,Tuesday,MTY,NVX,
22,Wednesday,UVM,HBI,
22,Thursday,RKF,WAE,
22,Friday,OPN,PKR,beyond
22,Saturday,DSP,XSA,
22,Sunday,BYN,JXT,
22,Monday,WQO,ZGL,
22,Tuesday,HZV,JXL,
22,Wednesday,RWX,RGJ,
22,Thursday,DNS,WLR,
22,Friday,UMQ,ITU,
22,Saturday,UMV,LKV,
23,Sunday,FOV,ZFL,queue
23,Monday,PFE,FKC,
23,Tuesday,GCV,EKX,
23,Wednesday,BTC,PYA,
23,Thursday,EFS,CAP,
23,Friday,MPX,ASG,beyond
23,Saturday,CZQ,IWZ,
23,Sunday,XOF,GXZ,
23,Monday,FYE,TEO,
23,Tuesday,GLQ,VOG,
23,Wednesday,JKE,FHZ,
23,Thursday,SPI,VQK,
23,Friday,ICA,ARY,
23,Saturday,XDC,DCA,
24,Sunday,VQY,IBU,queue
24,Monday,KYL,EYP,
24,Tuesday,IHL,LOU,
24,Wednesday,UHY,HDL,
24,Thursday,EOD,WAI,
24,Friday,GBK,RUT,beyond
24,Saturday,KBO,YOK,
24,Sunday,FAO,DXR,
24,Monday,JWM,KLO,
24,Tuesday,MQV,NWM,
24,Wednesday,MER,EOB,
24,Thursday,KMO,DEW,
24,Friday,MTS,ZPF,
24,Saturday,UWE,UIA,
25,Sunday,ZJE,XGN,queue
25,Monday,FYI,OFE,
25,Tuesday,QJH,PFX,
25,Wednesday,FYA,RCQ,
25,Thursday,WEP,ATX,
25,Friday,NEH,INF,beyond
25,Saturday,KWF,PKR,
25,Sunday,FKC,QVC,
25,Monday,SRZ,JQG,
25,Tuesday,DXG,GLN,
25,Wednesday,LUW,MQU,
25,Thursday,ULD,FYZ,
25,Friday,IWZ,AZS,
25,Saturday,LID,TYG,
26,Sunday,XRU,QGO,queue
26,Monday,OLY,ZBU,
26,Tuesday,DES,CZT,
26,Wednesday,JYI,DXT,
26,Thursday,SMG,XDC,
26,Friday,PCT,KWG,beyond
26,Saturday,SGF,GNF,
26,Sunday,SCE,JZH,
26,Monday,MOB,OSM,
26,Tuesday,LIW,OMX,
26,Wednesday,BUW,YDA,
26,Thursday,XGF,SNQ,
26,Friday,OXN,GFT,
26,Saturday,SBF,UYB,
27,Sunday,OGE,LSQ,queue
27,Monday,IGL,WFK,
27,Tuesday,LZG,OZG,
27,Wednesday,NDU,WMQ,
27,Thursday,UHO,FQM,
27,Friday,GFN,COL,beyond
27,Saturday,HMJ,JKF,
27,Sunday,LOU,GWU,
27,Monday,EFB,ZTC,
27,Tuesday,AHQ,FLB,
27,Wednesday,GZO,OLY,
27,Thursday,FAZ,DBW,
27,Friday,AGN,NAB,
27,Saturday,DUV,OJA,
28,Sunday,UYB,CLN,queue
28,Monday,ZDN,INJ,
28,Tuesday,RTN,XOE,
28,Wednesday,ACX,RKF,
28,Thursday,BZR,IVP,
28,Friday,TYK,DRH,beyond
28,Saturday,MQR,BGJ,
28,Sunday,GIH,PEQ,
28,Monday,FHZ,DQU,
28,Tuesday,HIM,UIG,
28,Wednesday,SXB,DUJ,
28,Thursday,UMV,MOS,
28,Friday,RSI,QNL,
28,Saturday,MKV,GMC,
29,Sunday,PEZ,TLP,queue
29,Monday,TCY,KDR,
29,Tuesday,TMR,FDI,
29,Wednesday,NWM,UKH,
29,Thursday,QFW,MXC,
29,Friday,TFB,AHP,beyond
29,Saturday,PGS,MKW,
29,Sunday,GTE,NOK,
29,Monday,MUQ,JRQ,
29,Tuesday,OLY,GAV,
29,Wednesday,IHL,LFA,
29,Thursday,JEM,MKV,
29,Friday,QKU,JUC,
29,Saturday,HUT,UBO,
30,Sunday,OFD,MQX,queue
30,Monday,LXT,GCH,
30,Tuesday,MBS,GED,
30,Wednesday,JXL,RGW,
30,Thursday,EZW,SXC,
30,Friday,CKQ,LBT,beyond
30,Saturday,MHL,RBO,
30,Sunday,TYO,IXW,
30,Monday,NLT,IAC,
30,Tuesday,QZY,USE,
30,Wednesday,YKJ,ACX,
30,Thursday,AZS,KQA,
30,Friday,FCD,KJT,
30,Saturday,FIP,YSO,
31,Sunday,DSP,OBF,queue
31,Monday,FDR,KER,
31,Tuesday,KSZ,NWM,
31,Wednesday,NPW,ZFB,
31,Thursday,XOE,XPQ,
31,Friday,RMB,POB,beyond
31,Saturday,YVZ,TIO,
31,Sunday,EAJ,EYB,
31,Monday,FRA,DQA,
31,Tuesday,IXH,BQY,
31,Wednesday,MEH,RVQ,
31,Thursday,RLZ,ANU,
31,Friday,MFO,PFG,
31,Saturday,LIW,JFL,
32,Sunday,TDU,XNT,queue
32,Monday,IJT,MUQ,
32,Tuesday,LGE,EGO,
32,Wednesday,TLP,BMD,
32,Thursday,CAD,JEM,
32,Friday,OXN,LZW,beyond
32,Saturday,EFI,UWY,
32,Sunday,RDY,VRZ,
32,Monday,NGM,NMZ,
32,Tuesday,MZQ,XMG,
32,Wednesday,SOI,TQO,
32,Thursday,JQX,MUY,
32,Friday,OCG,JPO,
32,Saturday,CPM,WEN,
33,Sunday,BNX,TGV,queue
33,Monday,TCY,FZQ,
33,Tuesday,OAQ,ACZ,
33,Wednesday,QCA,NGO,
33,Thursday,UEO,VST,
33,Friday,PYA,GHY,beyond
33,Saturday,OMX,KWE,
33,Sunday,KSZ,EHZ,
33,Monday,JML,UFW,
33,Tuesday,UGD,HXV,
33,Wednesday,LKW,DUK,
33,Thursday,KTB,EFI,
33,Friday,SQP,WPO,
33,Saturday,DSL,QSJ,
34,Sunday,ASO,YUQ,queue
34,Monday,ECJ,VSH,
34,Tuesday,EZB,YVG,
34,Wednesday,SGU,DBW,
34,Thursday,BAK,WCF,
34,Friday,QKZ,PFE,beyond
34,Saturday,GJA,LWP,
34,Sunday,TFB,PEZ,
34,Monday,WNG,OMN,
34,Tuesday,LSF,KGA,
34,Wednesday,BEI,XLY,
34,Thursday,GYV,PLM,
34,Friday,RPT,FZV,
34,Saturday,JFE,SET,
35,Sunday,RIQ,MTY,queue
35,Monday,QCL,MFO,
35,Tuesday,ZMF,WMQ,
35,Wednesday,NVB,NJX,
35,Thursday,JEM,ZAB,
35,Friday,LKV,ERT,beyond
35,Saturday,VQY,TFB,
35,Sunday,VOM,HIM,
35,Monday,CNZ,WPF,
35,Tuesday,STV,NEQ,
35,Wednesday,UWY,NAF,
35,Thursday,PZD,NMP,
35,Friday,ZFL,JTE,
35,Saturday,KLH,EPB,
36,Sunday,HXV,QNT,queue
36,Monday,XTG,LKN,
36,Tuesday,XUP,JML,
36,Wednesday,CHL,CDA,
36,Thursday,HZV,ESI,
36,Friday,EYP,SVN,beyond
36,Saturday,ZIW,QUE,
36,Sunday,XVT,ATJ,
36,Monday,SFC,GJA,
36,Tuesday,GKW,SBF,
36,Wednesday,OPN,RKF,
36,Thursday,BEG,FKC,
36,Friday,EKX,LVF,
36,Saturday,ULO,NEH,
37,Sunday,SCJ,UMQ,queue
37,Monday,UOD,NYM,
37,Tuesday,BID,SFC,
37,Wednesday,TDU,URF,
37,Thursday,YCM,RIO,
37,Friday,LRN,OCG,beyond
37,Saturday,LVK,RVI,
37,Sunday,EBH,OGE,
37,Monday,LCU,YOX,
37,Tuesday,CZT,SQP,
37,Wednesday,UFR,BFP,
37,Thursday,ZPR,WFR,
37,Friday,YHA,ECI,
37,Saturday,YLZ,CWX,
38,Sunday,JML,YPC,queue
38,Monday,YZI,MUY,
38,Tuesday,JVG,QUT,
38,Wednesday,JAE,NEH,
38,Thursday,AQN,VRH,
38,Friday,KJM,AWK,beyond
38,Saturday,PMA,NAB,
38,Sunday,YCT,UMV,
38,Monday,JKF,RLI,
38,Tuesday,QUF,VEZ,
38,Wednesday,XPQ,ELX,
38,Thursday,UGD,JSM,
38,Friday,CEP,LRN,
38,Saturday,VRP,NVX,
39,Sunday,IUZ,MXB,queue
39,Monday,AYK,MPX,
39,Tuesday,GMC,NMZ,
39,Wednesday,AHQ,OCZ,
39,Thursday,NOK,ITN,
39,Friday,QUW,MXC,beyond
39,Saturday,SHX,GUK,
39,Sunday,IOU,HUX,
39,Monday,CDA,HDM,
39,Tuesday,ZIY,VIS,
39,Wednesday,CQZ,PRN,
39,Thursday,HXZ,GLQ,
39,Friday,PHW,KMF,
39,Saturday,MRN,URZ,
40,Sunday,SJI,QMU,queue
40,Monday,LEU,HOK,
40,Tuesday,OSI,JYI,
40,Wednesday,BTY,SBF,
40,Thursday,OYI,TKV,
40,Friday,RKU,IMX,beyond
40,Saturday,OCA,OVR,
40,Sunday,BID,QYX,
40,Monday,SFK,RCQ,
40,Tuesday,XYU,GJO,
40,Wednesday,UIG,UXS,
40,Thursday,OAI,VYP,
40,Friday,SHV,PCK,
40,Saturday,YZI,CZE,
41,Sunday,CWX,RPS,queue
41,Monday,MOS,PKR,
41,Tuesday,PZD,WNG,
41,Wednesday,OJA,FHZ,
41,Thursday,VXU,BYR,
41,Friday,QOF,SRD,beyond
41,Saturday,ECB,TVW,
41,Sunday,RVQ,ASD,
41,Monday,LCU,OGM,
41,Tuesday,WQE,EQG,
41,Wednesday,XRY,XZI,
41,Thursday,MXC,LXT,
41,Friday,ARY,AHP,
41,Saturday,NPU,FQM,
42,Sunday,EBH,DAL,queue
42,Monday,VUW,XAL,
42,Tuesday,BXT,FPN,
42,Wednesday,FDZ,BCY,
42,Thursday,RME,DKX,
42,Friday,CZT,QNT,beyond
42,Saturday,WMQ,HBI,
42,Sunday,IRV,ZGQ,
42,Monday,SVN,ZQN,
42,Tuesday,GUK,BGK,
42,Wednesday,KWG,NUZ,
42,Thursday,OTE,GLO,
42,Friday,SNE,YDV,
42,Saturday,REC,GCB,
43,Sunday,XCV,LSQ,queue
43,Monday,NTH,UBS,
43,Tuesday,RLA,WHN,
43,Wednesday,BGK,XOE,
43,Thursday,CAP,ZAJ,
43,Friday,FIE,QWB,beyond
43,Saturday,CSE,RDY,
43,Sunday,YOX,PHD,
43,Monday,PWN,RIO,
43,Tuesday,JAU,ULD,
43,Wednesday,QIN,HSD,
43,Thursday,JWR,TLU,
43,Friday,QAG,NLB,
43,Saturday,XYU,ONG,
44,Sunday,EOB,JTE,queue
44,Monday,GLT,BZM,
44,Tuesday,PYA,TRB,
44,Wednesday,NHK,IRJ,
44,Thursday,ZXV,PZD,
44,Friday,QCL,EGH,beyond
44,Saturday,FYA,NAC,
44,Sunday,ASE,BEG,
44,Monday,USE,ZTC,
44,Tuesday,BUJ,UFG,
44,Wednesday,TCI,PBU,
44,Thursday,CSH,LXM,
44,Friday,MEH,PMA,
44,Saturday,DRH,IWA,
45,Sunday,WFY,EKY,queue
45,Monday,PWN,GRZ,
45,Tuesday,IKU,EFI,
45,Wednesday,ECI,EAJ,
45,Thursday,NOM,XCJ,
45,Friday,VHS,FRA,beyond
45,Saturday,NVB,JXT,
45,Sunday,EGO,OCD,
45,Monday,QWL,SNH,
45,Tuesday,WOA,PEQ,
45,Wednesday,WQO,QKI,
45,Thursday,JDS,BTY,
45,Friday,XLY,GLS,
45,Saturday,DYN,ANY,
46,Sunday,ARY,ASE,queue
46,Monday,HFG,MLI,
46,Tuesday,DWY,OND,
46,Wednesday,SHZ,IJX,
46,Thursday,VQH,QEW,
46,Friday,UVC,YCM,beyond
46,Saturday,DXG,JZT,
46,Sunday,SZX,JLR,
46,Monday,GLS,BWH,
46,Tuesday,YKJ,REC,
46,Wednesday,GWM,YZI,
46,Thursday,MBG,SCX,
46,Friday,SPC,RPT,
46,Saturday,TEO,LFO,
47,Sunday,EBH,WEP,queue
47,Monday,UWX,XED,
47,Tuesday,KLH,ZQS,
47,Wednesday,SLM,FIH,
47,Thursday,JLR,LKV,
47,Friday,HTQ,TJY,beyond
47,Saturday,IAB,SXT,
47,Sunday,PQZ,MXP,
47,Monday,OCG,QIN,
47,Tuesday,EJQ,BJR,
47,Wednesday,ACS,SVM,
47,Thursday,RLH,LAG,
47,Friday,AVG,PMG,
47,Saturday,DST,LEU,
48,Sunday,DUN,IOU,queue
48,Monday,ESI,GBA,
48,Tuesday,QYX,YGZ,
48,Wednesday,QVC,TMR,
48,Thursday,AWK,STV,
48,Friday,LYE,MQX,beyond
48,Saturday,JEK,GBK,
48,Sunday,WFJ,UBS,
48,Monday,FPJ,ZKX,
48,Tuesday,SWT,OXQ,
48,Wednesday,AJP,GHY,
48,Thursday,MOS,VHC,
48,Friday,HDI,PBU,
48,Saturday,URZ,VYP,
49,Sunday,KNC,XSY,queue
49,Monday,ECB,TWU,
49,Tuesday,CQZ,JGY,
49,Wednesday,NGM,JBZ,
49,Thursday,DQE,AYK,
49,Friday,XDE,TAH,beyond
49,Saturday,OGS,FCD,
49,Sunday,UIG,EXB,
49,Monday,MQV,MJE,
49,Tuesday,MOJ,UWE,
49,Wednesday,KQA,XJV,
49,Thursday,EOD,OZG,
49,Friday,WPF,KFJ,
49,Saturday,FAZ,QCX,
50,Sunday,PKY,KNC,queue
50,Monday,LNH,VWI,
50,Tuesday,GMC,FKP,
50,Wednesday,JUC,YJN,
50,Thursday,MLR,KGI,
50,Friday,OFE,JRQ,beyond
50,Saturday,BQO,YZD,
50,Sunday,NPA,CWS,
50,Monday,KBV,TME,
50,Tuesday,DEW,SRD,
50,Wednesday,QOE,IUY,
50,Thursday,INJ,AXO,
50,Friday,VOG,KMO,
50,Saturday,ECO,PMG,
51,Sunday,PBU,SGF,queue
51,Monday,KNC,XUP,
51,Tuesday,OND,ONG,
51,Wednesday,ACZ,GMC,
51,Thursday,QXB,DYZ,
51,Friday,MKW,LWF,beyond
51,Saturday,SZX,JAL,
51,Sunday,YDA,UBK,
51,Monday,NVX,ECJ,
51,Tuesday,SOV,HXZ,
51,Wednesday,YUX,JMP,
51,Thursday,HTC,NGO,
51,Friday,VRZ,NMZ,
51,Saturday,WQP,UIA,
52,Sunday,LTG,QUW,queue
52,Monday,UBK,FDY,
52,Tuesday,AGN,SHZ,
52,Wednesday,OXQ,ASG,
52,Thursday,SVN,OGM,
52,Friday,ACW,SQZ,beyond
52,Saturday,KSZ,GXZ,
52,Sunday,TAV,YBD,
52,Monday,NDM,YJF,
52,Tuesday,JRQ,TFB,
52,Wednesday,GMJ,BTC,
52,Thursday,OGE,DYA,
52,Friday,PFE,KGI,
52,Saturday,DFC,DUV,
53,Sunday,JEK,QYX,queue
53,Monday,KJV,FIE,
53,Tuesday,RKU,ZDY,
53,Wednesday,GMD,UGD,
53,Thursday,PZU,XLY,
53,Friday,OGM,FEM,beyond
53,Saturday,KJT,PQZ,
53,Sunday,ZDW,YVO,
53,Monday,YGZ,FRM,
53,Tuesday,VNM,MER,
53,Wednesday,ERT,JGP,
53,Thursday,LHU,DQE,
53,Friday,IOU,KBO,
53,Saturday,EFI,SCF,
54,Sunday,QVC,ZIW,queue
54,Monday,LNV,MQV,
54,Tuesday,UYB,GEF,
54,Wednesday,ATJ,IWZ,
54,Thursday,OZG,NJA,
54,Friday,AXO,HAW,beyond
54,Saturday,MWA,DUK,
54,Sunday,TBY,XJV,
54,Monday,XTG,RVI,
54,Tuesday,OBF,FIH,
54,Wednesday,YQG,QOF,
54,Thursday,LNH,LBC,
54,Friday,EJK,DNS,
54,Saturday,JAU,TLU,
55,Sunday,MJE,IHL,queue
55,Monday,JZX,NGO,
55,Tuesday,MFO,LKW,
55,Wednesday,DUJ,VOC,
55,Thursday,QJI,TMR,
55,Friday,QVR,TFB,beyond
55,Saturday,HIS,OAQ,
55,Sunday,BKS,FCD,
55,Monday,GIH,PYA,
55,Tuesday,VJX,ZVP,
55,Wednesday,BKI,ESI,
55,Thursday,ISX,AWE,
55,Friday,SXB,ICA,
55,Saturday,KYL,LMN,
56,Sunday,GFT,URF,queue
56,Monday,OMN,JRQ,
56,Tuesday,JQX,HJT,
56,Wednesday,KYG,MFO,
56,Thursday,HKI,QNE,
56,Friday,VLY,ULO,beyond
56,Saturday,KWE,JFL,
56,Sunday,DUV,MKU,
56,Monday,IAF,EBQ,
56,Tuesday,YIX,DOR,
56,Wednesday,EHS,RMO,
56,Thursday,QCX,XRQ,
56,Friday,WFR,KBR,
56,Saturday,YWC,WQA,
57,Sunday,MXC,VSH,queue
57,Monday,KBV,NTP,
57,Tuesday,HOK,DFC,
57,Wednesday,NPU,TVW,
57,Thursday,OYI,STF,
57,Friday,UVM,UEO,beyond
57,Saturday,QGO,XZI,
57,Sunday,JGY,IUM,
57,Monday,CZE,WLE,
57,Tuesday,RPS,MTS,
57,Wednesday,LVF,NRZ,
57,Thursday,KMO,JFE,
57,Friday,HDL,QSJ,
57,Saturday,HFA,BID,
58,Sunday,BUP,AOM,queue
58,Monday,HXV,KFR,
58,Tuesday,MWA,HIF,
58,Wednesday,GKW,NYK,
58,Thursday,DES,UFR,
58,Friday,JAU,CPM,beyond
58,Saturday,WEG,ANY,
58,Sunday,QAM,PNZ,
58,Monday,CIQ,QFA,
58,Tuesday,QZY,TBY,
58,Wednesday,LMN,AXO,
58,Thursday,TGV,ZSO,
58,Friday,AJI,REG,
58,Saturday,KFV,GTL,
59,Sunday,ECO,CSH,queue
59,Monday,QMU,KGI,
59,Tuesday,FVO,KOQ,
59,Wednesday,JSW,NTH,
59,Thursday,TRB,BCY,
59,Friday,SGU,QJI,beyond
59,Saturday,WQP,JTC,
59,Sunday,FYP,SXB,
59,Monday,NSJ,OAQ,
59,Tuesday,RNF,PWT,
59,Wednesday,TOH,SBF,
59,Thursday,RUE,BWH,
59,Friday,YDV,SXC,
59,Saturday,HDM,RHG,
60,Sunday,AWE,IRJ,queue
60,Monday,IVP,TIG,
60,Tuesday,SXT,SNE,
60,Wednesday,KQA,BQO,
60,Thursday,TWU,VJC,
60,Friday,EYJ,AZQ,beyond
60,Saturday,PRQ,KSZ,
60,Sunday,JDS,YQG,
60,Monday,JAL,EXB,
60,Tuesday,ANY,ZHQ,
60,Wednesday,HJT,EZW,
60,Thursday,ZGL,KTB,
60,Friday,WOA,FDZ,
60,Saturday,PHW,UFG,
61,Sunday,IAB,USN,queue
61,Monday,NMP,DGO,
61,Tuesday,BID,OJA,
61,Wednesday,NYK,UOD,
61,Thursday,NHK,GKW,
61,Friday,FYZ,QWL,beyond
61,Saturday,LGR,UPH,
61,Sunday,PEN,BSI,
61,Monday,BTY,KCF,
61,Tuesday,HKI,FVT,
61,Wednesday,JSM,FOW,
61,Thursday,WCS,OSI,
61,Friday,QXB,KFV,
61,Saturday,LRC,SBT,
62,Sunday,NAF,JKE,queue
62,Monday,QRP,ZYE,
62,Tuesday,UMC,HFG,
62,Wednesday,CWX,QWB,
62,Thursday,KER,TPO,
62,Friday,AYM,NMY,beyond
62,Saturday,QKU,HKP,
62,Sunday,AYK,HXZ,
62,Monday,QOP,RPT,
62,Tuesday,YGZ,RNF,
62,Wednesday,MZS,EPB,
62,Thursday,UOD,YDP,
62,Friday,ZUK,MSR,
62,Saturday,GEF,JWM,
63,Sunday,LZG,VJX,queue
63,Monday,JBS,JWR,
63,Tuesday,NDU,BNX,
63,Wednesday,QVJ,JQT,
63,Thursday,NLB,ECB,
63,Friday,JFL,FKP,beyond
63,Saturday,XFG,WCS,
63,Sunday,XND,XED,
63,Monday,TLU,UHY,
63,Tuesday,PNZ,QJI,
63,Wednesday,QFZ,ETP,
63,Thursday,EKY,KFU,
63,Friday,ZBU,GZO,
63,Saturday,NMY,SBT,
64,Sunday,PWT,STV,queue
64,Monday,RIO,QIN,
64,Tuesday,VLY,EHR,
64,Wednesday,JEM,DUN,
64,Thursday,TGA,LGE,
64,Friday,HKP,MZS,beyond
64,Saturday,OCD,MBG,
64,Sunday,BYR,UOD,
64,Monday,FDH,QOP,
64,Tuesday,CPH,CZQ,
64,Wednesday,IZU,JAL,
64,Thursday,WCS,GFN,
64,Friday,JWR,ZAB,
64,Saturday,NTH,FAO,
65,Sunday,CWS,RSI,queue
65,Monday,VSH,EOP,
65,Tuesday,OTE,BAK,
65,Wednesday,WRF,TND,
65,Thursday,RBO,WCF,
65,Friday,DXR,BSI,beyond
65,Saturday,QSJ,JQT,
65,Sunday,EDW,KQL,
65,Monday,NYM,LID,
65,Tuesday,NEH,CDW,
65,Wednesday,FUP,ZIY,
65,Thursday,WAO,MKU,
65,Friday,JAE,VHC,
65,Saturday,CEP,TAS,
66,Sunday,TLD,GEF,queue
66,Monday,VEI,KMF,
66,Tuesday,POB,WUQ,
66,Wednesday,YHC,UHY,
66,Thursday,VQK,UFR,
66,Friday,XMG,SVY,beyond
66,Saturday,BXT,UMV,
66,Sunday,JQG,FYE,
66,Monday,FOV,CRN,
66,Tuesday,UYB,YQG,
66,Wednesday,BTE,DEW,
66,Thursday,WEG,WQE,
66,Friday,DQA,VJI,
66,Saturday,MRN,OVL,
67,Sunday,PRN,YCT,queue
67,Monday,NYM,LUW,
67,Tuesday,FZV,OGS,
67,Wednesday,EQG,ZSO,
67,Thursday,GTE,PSM,
67,Friday,ECI,SVR,beyond
67,Saturday,GQV,QXB,
67,Sunday,ELX,CIQ,
67,Monday,CKL,KQL,
67,Tuesday,KFJ,TVM,
67,Wednesday,ZDW,XBN,
67,Thursday,CRN,QZY,
67,Friday,NAC,DSP,
67,Saturday,IKU,SLM,
68,Sunday,WFJ,DCA,queue
68,Monday,PFG,AQN,
68,Tuesday,KFU,PKU,
68,Wednesday,LCU,WPF,
68,Thursday,NMY,ZIT,
68,Friday,TLD,DFT,beyond
68,Saturday,BJY,BZR,
68,Sunday,TCU,NSR,
68,Monday,BTC,SVN,
68,Tuesday,SQP,FYZ,
68,Wednesday,ZVP,OFM,
68,Thursday,YJF,IMX,
68,Friday,TMZ,BTY,
68,Saturday,VRH,BEI,
69,Sunday,IUY,DSL,queue
69,Monday,KVQ,FCJ,
69,Tuesday,RGW,YPC,
69,Wednesday,VFT,YHA,
69,Thursday,SJI,KYO,
69,Friday,ELX,ZIY,beyond
69,Saturday,VEL,FCX,
69,Sunday,IHS,KCF,
69,Monday,EKO,RWX,
69,Tuesday,ZAB,GJA,
69,Wednesday,LWP,RUE,
69,Thursday,GCH,IUM,
69,Friday,GLN,MLR,
69,Saturday,XTS,NTH,
70,Sunday,JLW,ASG,queue
70,Monday,TDU,PSM,
70,Tuesday,JGM,EHZ,
70,Wednesday,BSI,FDY,
70,Thursday,USN,KVX,
70,Friday,NBM,ASO,beyond
70,Saturday,YHC,FYM,
70,Sunday,SZF,JVG,
70,Monday,FVT,HTC,
70,Tuesday,GUK,MFO,
70,Wednesday,JTE,DYZ,
70,Thursday,INF,GJO,
70,Friday,IXH,SBI,
70,Saturday,NAB,UXB,
71,Sunday,GKB,EYB,queue
71,Monday,BJY,CFK,
71,Tuesday,KIL,IAF,
71,Wednesday,FKC,FZV,
71,Thursday,OLA,IHL,
71,Friday,PSM,TRB,beyond
71,Saturday,ZGQ,ACS,
71,Sunday,HOC,LVK,
71,Monday,RLI,XCV,
71,Tuesday,SGB,UFG,
71,Wednesday,MQV,MEF,
71,Thursday,IDG,FYA,
71,Friday,TJP,QKG,
71,Saturday,WAO,MRN,
72,Sunday,BNX,LAG,queue
72,Monday,MPX,HPG,
72,Tuesday,TWU,ELX,
72,Wednesday,INZ,COH,
72,Thursday,BOT,CDA,
72,Friday,USN,SBL,beyond
72,Saturday,DAL,SWF,
72,Sunday,OFD,LUW,
72,Monday,QAG,TAS,
72,Tuesday,ZVX,ZXF,
72,Wednesday,VXU,OLY,
72,Thursday,OBP,HJU,
72,Friday,SQZ,JQX,
72,Saturday,RWG,TLP,
73,Sunday,VKJ,BOT,queue
73,Monday,QOP,UKD,
73,Tuesday,BAK,MPF,
73,Wednesday,NUH,MKV,
73,Thursday,FNE,TRB,
73,Friday,REC,PDL,beyond
73,Saturday,PGS,JTC,
73,Sunday,GZO,ZKX,
73,Monday,HXV,VIS,
73,Tuesday,AHQ,TYO,
73,Wednesday,PZU,EZB,
73,Thursday,PYW,BVD,
73,Friday,DSL,ACW,
73,Saturday,EPB,QAM,
74,Sunday,JXL,CSE,queue
74,Monday,YTG,ICA,
74,Tuesday,GTE,QNT,
74,Wednesday,JVG,HOK,
74,Thursday,TAH,RIQ,
74,Friday,HJU,PHW,beyond
74,Saturday,PDX,UVQ,
74,Sunday,UHO,PSM,
74,Monday,QRP,GLN,
74,Tuesday,OCA,PZU,
74,Wednesday,NSR,CZT,
74,Thursday,ZDY,CEP,
74,Friday,HPG,SPI,
74,Saturday,VUW,SET,
75,Sunday,HDM,EJI,queue
75,Monday,ATX,JWR,
75,Tuesday,PKU,FVT,
75,Wednesday,FSW,SGU,
75,Thursday,LFA,RLZ,
75,Friday,YBD,SQP,beyond
75,Saturday,AYM,WLH,
75,Sunday,LOJ,TVW,
75,Monday,FUT,EOW,
75,Tuesday,AGF,BGJ,
75,Wednesday,UBS,OVN,
75,Thursday,OBP,CZQ,
75,Friday,SNQ,LGR,
75,Saturday,RKF,ZGK,
76,Sunday,KMF,QWL,queue
76,Monday,LXT,JZT,
76,Tuesday,XVT,TBF,
76,Wednesday,KDR,FIE,
76,Thursday,BEG,OXQ,
76,Friday,UBM,KLO,beyond
76,Saturday,HUX,KWF,
76,Sunday,LNV,CAD,
76,Monday,UMQ,EYJ,
76,Tuesday,TQO,QFZ,
76,Wednesday,BCY,QEW,
76,Thursday,OLA,CLU,
76,Friday,POB,FDH,
76,Saturday,GWM,VOM,
77,Sunday,ZMF,XWR,queue
77,Monday,EOP,PVQ,
77,Tuesday,EFS,AJI,
77,Wednesday,KER,BQY,
77,Thursday,GMX,XND,
77,Friday,WHN,CZT,beyond
77,Saturday,PGS,KYG,
77,Sunday,PBU,SKT,
77,Monday,GLO,BQW,
77,Tuesday,LTG,QKU,
77,Wednesday,EYB,MLI,
77,Thursday,EHR,GEF,
77,Friday,LEU,UFR,
77,Saturday,VST,RLZ,
78,Sunday,SXM,LOJ,queue
78,Monday,WAE,AJP,
78,Tuesday,VFT,AKS,
78,Wednesday,UBS,LFO,
78,Thursday,RLA,STW,
78,Friday,YEG,UYB,beyond
78,Saturday,DFT,KVR,
78,Sunday,OFM,TVM,
78,Monday,QFA,LBT,
78,Tuesday,HPG,FUP,
78,Wednesday,PDL,GMD,
78,Thursday,GJO,CPM,
78,Friday,PFX,NHP,
78,Saturday,LYE,FUT,
79,Sunday,DQU,ISX,queue
79,Monday,FYI,ZXF,
79,Tuesday,KQA,FIP,
79,Wednesday,MPX,AJI,
79,Thursday,OND,TLP,
79,Friday,VRZ,JGY,beyond
79,Saturday,EFB,JMT,
79,Sunday,JZT,SXB,
79,Monday,CPH,MZF,
79,Tuesday,SGB,FDH,
79,Wednesday,IYU,ZDN,
79,Thursday,LGE,AYM,
79,Friday,EHZ,DXR,
79,Saturday,PVQ,RTN,
80,Sunday,EJK,SGB,queue
80,Monday,XNT,MRN,
80,Tuesday,URZ,AKS,
80,Wednesday,WIM,NAB,
80,Thursday,PYA,VSH,
80,Friday,JGY,MQR,beyond
80,Saturday,BKI,SGF,
80,Sunday,MHL,YOK,
80,Monday,EKO,VNO,
80,Tuesday,UIA,DES,
80,Wednesday,PZD,QKI,
80,Thursday,JZP,MOB,
80,Friday,MWA,GYV,
80,Saturday,CDA,WUJ,
81,Sunday,VHC,ASO,queue
81,Monday,XJV,UBM,
81,Tuesday,FYP,VEZ,
81,Wednesday,LAG,QEN,
81,Thursday,BMH,IGR,
81,Friday,FYE,UOD,beyond
81,Saturday,ZGK,OBP,
81,Sunday,SCJ,SHX,
81,Monday,UVM,AGF,
81,Tuesday,CQZ,YBD,
81,Wednesday,IBS,XRY,
81,Thursday,EGO,UGD,
81,Friday,LCK,EYB,
81,Saturday,MXB,VEI,
82,Sunday,LFA,DNS,queue
82,Monday,GQF,GXZ,
82,Tuesday,FCJ,AKS,
82,Wednesday,WOA,JEM,
82,Thursday,LRN,ICL,
82,Friday,JMP,CRN,beyond
82,Saturday,XCJ,MER,
82,Sunday,QEN,LTR,
82,Monday,ZSO,KDO,
82,Tuesday,DYZ,BUJ,
82,Wednesday,CNZ,KDQ,
82,Thursday,LVK,YUX,
82,Friday,JBZ,EGL,
82,Saturday,WFK,CHL,
83,Sunday,VNO,HOC,queue
83,Monday,WCF,TCY,
83,Tuesday,YUQ,LMN,
83,Wednesday,ECV,URF,
83,Thursday,EAX,VAG,
83,Friday,UGD,FSW,beyond
83,Saturday,BJR,PWF,
83,Sunday,AKS,BAY,
83,Monday,WKF,IZU,
83,Tuesday,LBT,JZX,
83,Wednesday,DKX,VQY,
83,Thursday,TAV,FBC,
83,Friday,SXT,XDE,
83,Saturday,UFW,ACW,
84,Sunday,AGN,FEM,queue
84,Monday,KOQ,AZD,
84,Tuesday,JMT,JEK,
84,Wednesday,RPS,RNW,
84,Thursday,ASG,SVJ,
84,Friday,CDW,OAI,beyond
84,Saturday,GUK,NOK,
84,Sunday,CRN,VLY,
84,Monday,LAG,AMD,
84,Tuesday,LTG,SVA,
84,Wednesday,KFJ,FDH,
84,Thursday,JRQ,CHX,
84,Friday,OJA,LZG,
84,Saturday,SLM,LHU,
85,Sunday,XTJ,JBS,queue
85,Monday,XRQ,ECV,
85,Tuesday,PMG,EBH,
85,Wednesday,RIQ,ACX,
85,Thursday,FZQ,UPH,
85,Friday,FDZ,LZW,beyond
85,Saturday,ECO,REG,
85,Sunday,URF,HDI,
85,Monday,ZGQ,QEN,
85,Tuesday,UXB,UVC,
85,Wednesday,LSQ,QIO,
85,Thursday,XLY,IUY,
85,Friday,PDL,YHC,
85,Saturday,SFK,AHW,
86,Sunday,VIS,VOE,queue
86,Monday,SHX,VBT,
86,Tuesday,UIR,ORM,
86,Wednesday,NGO,SUA,
86,Thursday,MZS,BQY,
86,Friday,YOX,KWG,beyond
86,Saturday,IZU,OXN,
86,Sunday,BOX,LSX,
86,Monday,PVQ,RLH,
86,Tuesday,GWM,KLH,
86,Wednesday,UHY,ANY,
86,Thursday,RPT,UVM,
86,Friday,WLR,BUW,
86,Saturday,ASD,MZQ,
87,Sunday,ZSO,CVG,queue
87,Monday,OFE,MOE,
87,Tuesday,GRZ,YOX,
87,Wednesday,WUQ,VPT,
87,Thursday,AMD,GHM,
87,Friday,KYG,ZXF,beyond
87,Saturday,PHW,YWD,
87,Sunday,LNV,MZF,
87,Monday,NVB,AHW,
87,Tuesday,UKH,RVI,
87,Wednesday,CIV,SCJ,
87,Thursday,SRQ,CSH,
87,Friday,SFC,NSD,
87,Saturday,ISX,RSK,
88,Sunday,YZD,FNE,queue
88,Monday,XCM,ACS,
88,Tuesday,VCU,IJM,
88,Wednesday,TRS,ITN,
88,Thursday,XUP,QSJ,
88,Friday,EBQ,NER,beyond
88,Saturday,SCE,PER,
88,Sunday,NPA,ZBU,
88,Monday,BXT,DST,
88,Tuesday,OVL,LSX,
88,Wednesday,HFG,BOX,
88,Thursday,YEG,MSP,
88,Friday,WQE,MTS,
88,Saturday,CLN,YLZ,
89,Sunday,QUT,KLF,queue
89,Monday,SBT,ZKM,
89,Tuesday,TPO,WCS,
89,Wednesday,ACZ,AJP,
89,Thursday,EXB,UBK,
89,Friday,OMX,KFV,beyond
89,Saturday,QIN,SCE,
89,Sunday,OSM,SNQ,
89,Monday,CLT,SUA,
89,Tuesday,XSY,TMA,
89,Wednesday,VPT,HXV,
89,Thursday,PFX,YGZ,
89,Friday,LOJ,AZD,
89,Saturday,XTJ,OMN,
90,Sunday,AHP,GKB,queue
90,Monday,HTQ,VJI,
90,Tuesday,BOT,NTH,
90,Wednesday,RUT,QIO,
90,Thursday,XJO,IJM,
90,Friday,IAC,AHQ,beyond
90,Saturday,ZSB,EHZ,
90,Sunday,CWX,NGM,
90,Monday,EHS,SWT,
90,Tuesday,JRQ,DCV,
90,Wednesday,DNS,MPN,
90,Thursday,KBO,QGO,
90,Friday,FLB,ZXV,
90,Saturday,PQK,WOA,
91,Sunday,VWI,GWM,queue
91,Monday,GCV,DYN,
91,Tuesday,LIM,JBS,
91,Wednesday,DCA,TAV,
91,Thursday,LSX,WXZ,
91,Friday,GTL,RIK,beyond
91,Saturday,QUT,KQL,
91,Sunday,SBI,BZM,
91,Monday,JYI,CWX,
91,Tuesday,KMF,NER,
91,Wednesday,IUZ,XFG,
91,Thursday,TIO,OSM,
91,Friday,XCV,AJP,
91,Saturday,JSM,IYU,
92,Sunday,BQO,AOD,queue
92,Monday,QIN,ZUK,
92,Tuesday,ECI,ACZ,
92,Wednesday,VQK,HTQ,
92,Thursday,VXU,NKV,
92,Friday,EOW,LCU,beyond
92,Saturday,YDP,JMT,
92,Sunday,OFM,NBM,
92,Monday,CLT,KGA,
92,Tuesday,DCV,BYN,
92,Wednesday,DOR,GAV,
92,Thursday,QWL,GZO,
92,Friday,QEN,LXG,
92,Saturday,FYM,SGU,
93,Sunday,WAI,TJP,queue
93,Monday,QCX,POB,
93,Tuesday,TYK,UBO,
93,Wednesday,CSE,NYM,
93,Thursday,TBF,SLM,
93,Friday,GFT,ERT,beyond
93,Saturday,TJY,YWC,
93,Sunday,ANU,XMG,
93,Monday,YHA,VOE,
93,Tuesday,ESI,EZW,
93,Wednesday,FOV,ZXV,
93,Thursday,HUX,NUH,
93,Friday,TCU,BZP,
93,Saturday,TMR,MBS,
94,Sunday,JZP,QCL,queue
94,Monday,BQW,IRJ,
94,Tuesday,DKX,BMH,
94,Wednesday,NSJ,YWK,
94,Thursday,SHV,OCZ,
94,Friday,BQP,FUT,beyond
94,Saturday,ZQD,IJT,
94,Sunday,ZHQ,JML,
94,Monday,OCG,NDM,
94,Tuesday,QFW,SMG,
94,Wednesday,JFL,RME,
94,Thursday,VLY,FNE,
94,Friday,EIK,LXG,
94,Saturday,RSK,JKE,
95,Sunday,PWF,ORM,queue
95,Monday,YBE,BAK,
95,Tuesday,UFR,NBM,
95,Wednesday,XRY,ZVP,
95,Thursday,ASE,KTB,
95,Friday,SVR,ZAJ,beyond
95,Saturday,SET,VBT,
95,Sunday,EHZ,QOE,
95,Monday,NAC,RLA,
95,Tuesday,QKI,ZMF,
95,Wednesday,ZTC,XVL,
95,Thursday,SGF,AHW,
95,Friday,SVY,GMX,
95,Saturday,NHP,JPC,
96,Sunday,BPI,LOJ,queue
96,Monday,PRN,IDS,
96,Tuesday,IAF,COR,
96,Wednesday,NDM,OPN,
96,Thursday,FYP,FPN,
96,Friday,BOX,USE,beyond
96,Saturday,GCB,FVO,
96,Sunday,QUF,CLT,
96,Monday,RUT,ZPF,
96,Tuesday,JTC,SHX,
96,Wednesday,RXL,EKY,
96,Thursday,LKW,KYL,
96,Friday,DWY,DCV,
96,Saturday,UPH,OVR,
97,Sunday,DAL,LEU,queue
97,Monday,KLF,KLO,
97,Tuesday,YUX,QYX,
97,Wednesday,CKL,BDZ,
97,Thursday,REG,VOC,
97,Friday,IAZ,UYB,beyond
97,Saturday,BZM,RTN,
97,Sunday,JPO,UHY,
97,Monday,AQN,DXG,
97,Tuesday,UIA,NLT,
97,Wednesday,AOM,COL,
97,Thursday,ORM,ACW,
97,Friday,HTC,RXL,
97,Saturday,TLP,TMA,
98,Sunday,OLA,PFE,queue
98,Monday,RHG,AWE,
98,Tuesday,RIM,XBN,
98,Wednesday,VCU,HBI,
98,Thursday,SUA,NVX,
98,Friday,BKS,LKN,beyond
98,Saturday,RSI,XDE,
98,Sunday,SVA,JGM,
98,Monday,JZP,BAY,
98,Tuesday,DQU,QOP,
98,Wednesday,KDO,NPU,
98,Thursday,YZD,ZGL,
98,Friday,ONG,IGL,
98,Saturday,KDR,GKB,
99,Sunday,PHD,WOP,queue
99,Monday,ZDN,BTE,
99,Tuesday,MPF,KMO,
99,Wednesday,OMN,EFS,
99,Thursday,FBC,YWD,
99,Friday,NMP,SJI,beyond
99,Saturday,TAH,JWR,
99,Sunday,VHS,UBM,
99,Monday,IRJ,BDZ,
99,Tuesday,WEP,JSW,
99,Wednesday,MKV,KWG,
99,Thursday,HQL,DOR,
99,Friday,VEI,IJT,
99,Saturday,IAC,CEP,
100,Sunday,LUW,EGQ,queue
100,Monday,ACS,QZY,
100,Tuesday,FIH,GKB,
100,Wednesday,UKH,MWA,
100,Thursday,WFY,EZB,
100,Friday,ATX,JAE,beyond
100,Saturday,FNE,NLT,
100,Sunday,FCJ,PEN,
100,Monday,PVQ,MSP,
100,Tuesday,XNT,EGH,
100,Wednesday,HZN,BEG,
100,Thursday,VRP,TBF,
100,Friday,VSH,MTS,
100,Saturday,VKJ,NTP,
101,Sunday,IRJ,LSF,queue
101,Monday,BEI,RLA,
101,Tuesday,MOE,ACS,
101,Wednesday,PEZ,SWT,
101,Thursday,RTN,VFT,
101,Friday,YBD,YJN,beyond
101,Saturday,VIS,EJK,
101,Sunday,UMV,JSM,
101,Monday,SRQ,PHW,
101,Tuesday,EST,TQO,
101,Wednesday,ANU,NLB,
101,Thursday,LMN,KER,
101,Friday,AZS,ECV,
101,Saturday,MSR,PFG,
102,Sunday,KYO,AZD,queue
102,Monday,IGR,DBW,
102,Tuesday,EYB,PDX,
102,Wednesday,SXB,ZVX,
102,Thursday,CHX,ULO,
102,Friday,YVO,UIR,beyond
102,Saturday,JSW,ZQD,
102,Sunday,YHA,VQH,
102,Monday,NVX,QCX,
102,Tuesday,EJI,OEB,
102,Wednesday,NSD,QEN,
102,Thursday,IRV,TDS,
102,Friday,UBO,BJY,
102,Saturday,MSP,YBE,
103,Sunday,FEM,SVY,queue
103,Monday,UFW,QZY,
103,Tuesday,ZYE,QVR,
103,Wednesday,OMN,UHO,
103,Thursday,XJO,SRZ,
103,Friday,WXZ,AOD,beyond
103,Saturday,TND,SXT,
103,Sunday,RUE,QOP,
103,Monday,OCA,GQV,
103,Tuesday,HDM,UBS,
103,Wednesday,OSI,GTE,
103,Thursday,WCF,FYI,
103,Friday,OSM,IZU,
103,Saturday,EKY,RXL,
104,Sunday,SPC,QKU,queue
104,Monday,XJV,PHD,
104,Tuesday,YGZ,KFR,
104,Wednesday,HBI,HJU,
104,Thursday,MBG,XTJ,
104,Friday,CFK,ANU,beyond
104,Saturday,MLR,DQE,
104,Sunday,VWI,JGY,
104,Monday,AWE,ZFB,
104,Tuesday,JZX,RPT,
104,Wednesday,LWP,OVL,
104,Thursday,KFJ,FNE,
104,Friday,HIM,PEQ,
104,Saturday,YUX,JQG,
105,Sunday,KFR,URZ,queue
105,Monday,SBT,GWU,
105,Tuesday,HAW,ARI,
105,Wednesday,IWA,OLY,
105,Thursday,SVR,PCK,
105,Friday,DSP,RWG,beyond
105,Saturday,RDY,KJM,
105,Sunday,XUP,OQB,
105,Monday,JTC,TYK,
105,Tuesday,RBO,IJX,
105,Wednesday,PFE,LXM,
105,Thursday,QKI,CIV,
105,Friday,JQT,AWK,
105,Saturday,ZFL,TSZ,
106,Sunday,WQA,ACX,queue
106,Monday,XCM,LRN,
106,Tuesday,PEQ,WKF,
106,Wednesday,GKW,SOV,
106,Thursday,FVT,UMC,
106,Friday,WLH,QUE,beyond
106,Saturday,OMX,AJI,
106,Sunday,MPN,JMT,
106,Monday,VHC,QKZ,
106,Tuesday,MEF,JGP,
106,Wednesday,OCD,WUQ,
106,Thursday,SVJ,OVN,
106,Friday,DQA,MOJ,
106,Saturday,NAB,EFS,
107,Sunday,TQO,LQI,queue
107,Monday,NPW,GHM,
107,Tuesday,JPC,BAY,
107,Wednesday,RGJ,PWN,
107,Thursday,IWA,XOF,
107,Friday,AOD,JAU,beyond
107,Saturday,OVN,JXL,
107,Sunday,IZB,RVG,
107,Monday,KBO,PKY,
107,Tuesday,TGA,YVO,
107,Wednesday,IJT,SMG,
107,Thursday,RLH,YOX,
107,Friday,TYG,LSF,
107,Saturday,QNT,EKY,
108,Sunday,OXN,LGR,queue
108,Monday,NVX,ATX,
108,Tuesday,NPA,JAE,
108,Wednesday,UIR,RME,
108,Thursday,ZAB,NBU,
108,Friday,LOU,NHK,beyond
108,Saturday,SGF,LWF,
108,Sunday,LQI,EGO,
108,Monday,GLO,MOS,
108,Tuesday,USE,QNL,
108,Wednesday,EOB,EGL,
108,Thursday,RCQ,SPC,
108,Friday,ZTC,LXT,
108,Saturday,IBU,SPI,
109,Sunday,EYP,GQF,queue
109,Monday,IJM,BCY,
109,Tuesday,TRB,MWB,
109,Wednesday,ORM,HIF,
109,Thursday,BEI,BTY,
109,Friday,VPT,TEO,beyond
109,Saturday,DCV,IUY,
109,Sunday,WLR,BUP,
109,Monday,FVE,JKF,
109,Tuesday,LTR,CRN,
109,Wednesday,UWE,MOE,
109,Thursday,KLF,SRZ,
109,Friday,QWB,EST,
109,Saturday,VUW,PFG,
110,Sunday,WMQ,KYL,queue
110,Monday,RMO,EYW,
110,Tuesday,PTD,LRC,
110,Wednesday,HIS,AWE,
110,Thursday,MRN,RGJ,
110,Friday,KFR,LYE,beyond
110,Saturday,RCQ,SZX,
110,Sunday,QIO,ONG,
110,Monday,ARI,IRV,
110,Tuesday,LRN,LGR,
110,Wednesday,NMZ,JBZ,
110,Thursday,QNE,KLH,
110,Friday,VHS,HUT,
110,Saturday,ZBU,KJM,
111,Sunday,EOP,ARI,queue
111,Monday,QOP,ZMF,
111,Tuesday,COL,YZD,
111,Wednesday,OVW,SVY,
111,Thursday,FRM,NPA,
111,Friday,AMD,PMA,beyond
111,Saturday,BUJ,KBV,
111,Sunday,WAO,AGF,
111,Monday,WUQ,JMU,
111,Tuesday,JQG,SNH,
111,Wednesday,LIM,NJX,
111,Thursday,QUW,SQZ,
111,Friday,KWF,QJI,
111,Saturday,BXV,IZB,
112,Sunday,BUP,SVJ,queue
112,Monday,XTS,HBT,
112,Tuesday,DCY,EDW,
112,Wednesday,AZD,WUJ,
112,Thursday,PLM,YTG,
112,Friday,KOQ,JWM,beyond
112,Saturday,IBS,CKQ,
112,Sunday,LZW,AOD,
112,Monday,FCX,HAW,
112,Tuesday,SRQ,PYW,
112,Wednesday,EGL,XSA,
112,Thursday,CIV,SQP,
112,Friday,RPT,FYP,
112,Saturday,FPJ,XTG,
113,Sunday,LBT,AGN,queue
113,Monday,XWR,OGU,
113,Tuesday,WQA,ETP,
113,Wednesday,ZDW,GCB,
113,Thursday,RBO,NKV,
113,Friday,LGR,JLR,beyond
113,Saturday,LQX,WEG,
113,Sunday,BEG,VRP,
113,Monday,SHV,GCV,
113,Tuesday,SNQ,AZS,
113,Wednesday,TBF,AHP,
113,Thursday,UPH,GNF,
113,Friday,ZGL,HUT,
113,Saturday,VPS,XND,
114,Sunday,IGL,DSP,queue
114,Monday,RIQ,XDC,
114,Tuesday,PRQ,UPH,
114,Wednesday,SVN,JDS,
114,Thursday,OEB,ECI,
114,Friday,OCZ,IDS,beyond
114,Saturday,FYM,ATX,
114,Sunday,FZV,LEU,
114,Monday,MOB,BZP,
114,Tuesday,CWS,GWM,
114,Wednesday,OSM,HKP,
114,Thursday,IDG,IVP,
114,Friday,BGK,KDQ,
114,Saturday,MQU,ZPR,
115,Sunday,QAM,TWU,queue
115,Monday,ZPF,JFE,
115,Tuesday,UBM,KFU,
115,Wednesday,VNM,BQP,
115,Thursday,CLN,FIP,
115,Friday,GJO,OFD,beyond
115,Saturday,WEN,OBF,
115,Sunday,JWM,ATJ,
115,Monday,CZQ,NAC,
115,Tuesday,YLZ,LRC,
115,Wednesday,MXB,VUW,
115,Thursday,MBS,BEI,
115,Friday,VOC,NBU,
115,Saturday,AQN,CSE,
116,Sunday,STW,KWF,queue
116,Monday,TME,ZRL,
116,Tuesday,MXC,SRD,
116,Wednesday,WFY,FEM,
116,Thursday,BZR,AYM,
116,Friday,RVG,TMZ,beyond
116,Saturday,YEG,KJV,
116,Sunday,HFA,DWY,
116,Monday,KCF,TAV,
116,Tuesday,RLI,JEM,
116,Wednesday,ANY,NYM,
116,Thursday,BAK,YBE,
116,Friday,PDL,QVR,
116,Saturday,KVR,AQO,
117,Sunday,PWF,JDS,queue
117,Monday,RVI,NYK,
117,Tuesday,XNT,NSJ,
117,Wednesday,SRZ,WNG,
117,Thursday,ZPF,VEL,
117,Friday,KGI,EFI,beyond
117,Saturday,RIK,BGK,
117,Sunday,JPO,FRA,
117,Monday,ZXV,PZU,
117,Tuesday,IWA,IUZ,
117,Wednesday,IAF,AWK,
117,Thursday,WAI,XVT,
117,Friday,JSM,GMJ,
117,Saturday,KWE,PFE,
118,Sunday,GBK,VOM,queue
118,Monday,IMX,AYK,
118,Tuesday,XSY,VJZ,
118,Wednesday,RYI,SCF,
118,Thursday,UEO,GTL,
118,Friday,SNH,SMG,beyond
118,Saturday,SVM,PRN,
118,Sunday,NBU,BQO,
118,Monday,CZQ,TRS,
118,Tuesday,XMG,IDG,
118,Wednesday,HQL,EKX,
118,Thursday,LAG,LXM,
118,Friday,RXL,AQO,
118,Saturday,FAZ,ZPR,
119,Sunday,LZW,PNZ,queue
119,Monday,CSH,LGE,
119,Tuesday,TLU,VEZ,
119,Wednesday,BZM,INJ,
119,Thursday,CFK,FVT,
119,Friday,XCJ,QKS,beyond
119,Saturday,JNB,ZIY,
119,Sunday,MEF,MAV,
119,Monday,FDI,ATJ,
119,Tuesday,CHL,NLT,
119,Wednesday,ZMF,FDR,
119,Thursday,CVG,MWA,
119,Friday,EGH,XRU,
119,Saturday,VJZ,FSW,
120,Sunday,YTG,VQK,queue
120,Monday,YWC,RWG,
120,Tuesday,RUE,WQA,
120,Wednesday,VOM,MZQ,
120,Thursday,WCS,FRM,
120,Friday,PRN,NMP,beyond
120,Saturday,KVQ,AVG,
120,Sunday,ONB,QOF,
120,Monday,OGE,JGM,
120,Tuesday,SZF,TKV,
120,Wednesday,NGO,HTC,
120,Thursday,GAV,VRP,
120,Friday,COH,VJI,
120,Saturday,PKY,XOF,
121,Sunday,DYN,QKU,queue
121,Monday,UBK,LOU,
121,Tuesday,WNG,IZU,
121,Wednesday,HSD,WQE,
121,Thursday,UVC,RCQ,
121,Friday,MOE,HKP,beyond
121,Saturday,ZGK,EBQ,
121,Sunday,AQO,LIW,
121,Monday,BMD,SGF,
121,Tuesday,IYU,BEG,
121,Wednesday,ITN,UIR,
121,Thursday,CSH,XCJ,
121,Friday,SWT,TDS,
121,Saturday,RDY,FUP,
122,Sunday,TBY,NEQ,queue
122,Monday,YQG,LKV,
122,Tuesday,NTP,DXG,
122,Wednesday,JZH,IJM,
122,Thursday,BFP,YHA,
122,Friday,XRU,DFC,beyond
122,Saturday,WLE,FYP,
122,Sunday,YVG,GKW,
122,Monday,MQU,BZP,
122,Tuesday,QVR,NGM,
122,Wednesday,GBA,IDG,
122,Thursday,LSQ,MOB,
122,Friday,FPN,XFG,
122,Saturday,JMU,BEI,
123,Sunday,LGE,PMG,queue
123,Monday,RNF,LFA,
123,Tuesday,KJM,JPO,
123,Wednesday,QKU,GYV,
123,Thursday,KVR,ZQD,
123,Friday,EJI,BEP,beyond
123,Saturday,NYK,YUX,
123,Sunday,GTL,IHL,
123,Monday,FSG,ACZ,
123,Tuesday,QNL,HTC,
123,Wednesday,ARI,SXM,
123,Thursday,SKT,SRQ,
123,Friday,VPT,TYK,
123,Saturday,YJN,PLM,
124,Sunday,GFN,CPM,queue
124,Monday,LHU,BXV,
124,Tuesday,PMG,EGH,
124,Wednesday,NJA,YTG,
124,Thursday,ZUK,JLW,
124,Friday,FRM,JNB,beyond
124,Saturday,DRH,LTG,
124,Sunday,ESI,BKI,
124,Monday,ZGL,BVD,
124,Tuesday,BYN,GMC,
124,Wednesday,YDA,DUV,
124,Thursday,HBI,VAG,
124,Friday,LXM,EAX,
124,Saturday,NAF,DWY,
125,Sunday,SVM,RMO,queue
125,Monday,EST,YHA,
125,Tuesday,BTE,ZGQ,
125,Wednesday,XOF,UWE,
125,Thursday,TVW,ECJ,
125,Friday,TIG,HMJ,beyond
125,Saturday,OTE,VXU,
125,Sunday,CIV,HAW,
125,Monday,EZB,LRN,
125,Tuesday,TAS,KLF,
125,Wednesday,GBK,TLD,
125,Thursday,UKD,IZB,
125,Friday,LBT,RLZ,
125,Saturday,BFP,DKX,
126,Sunday,LVE,NPW,queue
126,Monday,ONG,ULO,
126,Tuesday,CZT,HIM,
126,Wednesday,AHP,THR,
126,Thursday,QNT,LTG,
126,Friday,RVQ,MXP,beyond
126,Saturday,NBU,UMC,
126,Sunday,JBS,GMD,
126,Monday,QWB,YBE,
126,Tuesday,KQL,ZSB,
126,Wednesday,FVO,BUW,
126,Thursday,RVI,EST,
126,Friday,PMG,QOE,
126,Saturday,YLZ,TGA,
127,Sunday,HQL,UVM,queue
127,Monday,TSZ,YUQ,
127,Tuesday,EOD,RNW,
127,Wednesday,TJP,FDR,
127,Thursday,ZQN,ZDW,
127,Friday,UBO,PKU,beyond
127,Saturday,RLI,NSJ,
127,Sunday,GMD,XVL,
127,Monday,IHS,PWF,
127,Tuesday,WPO,SXT,
127,Wednesday,VYP,EJI,
127,Thursday,EJK,EFB,
127,Friday,UFG,FKS,
127,Saturday,XSA,GLQ,
128,Sunday,JFL,BZR,queue
128,Monday,XAL,QUF,
128,Tuesday,DRH,THR,
128,Wednesday,IUM,PQK,
128,Thursday,BAY,KVX,
128,Friday,FZV,FYM,beyond
128,Saturday,IJM,JMP,
128,Sunday,DCA,QUW,
128,Monday,GKB,DCY,
128,Tuesday,DST,LTG,
128,Wednesday,EOW,GFT,
128,Thursday,XBN,FKP,
128,Friday,PEQ,ZXV,
128,Saturday,WLE,GLO,
129,Sunday,UKD,QRP,queue
129,Monday,GWU,EHS,
129,Tuesday,YOK,WPO,
129,Wednesday,ZKM,SRQ,
129,Thursday,ZQS,CFK,
129,Friday,HIF,TIG,beyond
129,Saturday,QUW,FAZ,
129,Sunday,NBU,LXT,
129,Monday,AJP,GQV,
129,Tuesday,SPC,EQG,
129,Wednesday,IUY,BTC,
129,Thursday,CLU,CDW,
129,Friday,LKW,JSW,
129,Saturday,BWH,YHC,
130,Sunday,PFX,YLZ,queue
130,Monday,OVN,FYE,
130,Tuesday,HSD,GHM,
130,Wednesday,IBU,WAE,
130,Thursday,JAL,LBC,
130,Friday,QNE,BAK,beyond
130,Saturday,BVD,UFW,
130,Sunday,ORM,RIM,
130,Monday,GLN,SBI,
130,Tuesday,QAM,LIW,
130,Wednesday,SOV,SGB,
130,Thursday,VQH,LSF,
130,Friday,TKV,NDU,
130,Saturday,SVR,YWK,
131,Sunday,WCF,SZF,queue
131,Monday,INZ,PZD,
131,Tuesday,PWT,DCA,
131,Wednesday,BEP,DKX,
131,Thursday,QNL,GLT,
131,Friday,GMC,BKS,beyond
131,Saturday,CIQ,IKU,
131,Sunday,EQG,RKU,
131,Monday,VUX,ERT,
131,Tuesday,KVQ,GBK,
131,Wednesday,KJM,BJR,
131,Thursday,GHY,RYI,
131,Friday,JQT,BYN,
131,Saturday,FUP,QAM,
132,Sunday,EZW,SVR,queue
132,Monday,BOT,PWN,
132,Tuesday,RWG,UHO,
132,Wednesday,NAF,IWA,
132,Thursday,IJX,HTQ,
132,Friday,QMU,MSP,beyond
132,Saturday,XOE,HQL,
132,Sunday,PBU,IAF,
132,Monday,WXZ,KBV,
132,Tuesday,FIP,DCV,
132,Wednesday,SBL,BEP,
132,Thursday,JBZ,SKT,
132,Friday,KWF,LNV,
132,Saturday,OGM,WLR,
133,Sunday,BEP,SVJ,queue
133,Monday,PFG,EOP,
133,Tuesday,UXS,FVE,
133,Wednesday,QJH,IAZ,
133,Thursday,UWX,QUT,
133,Friday,CKL,MLR,beyond
133,Saturday,GMX,GIH,
133,Sunday,EGL,DQA,
133,Monday,CHX,UBO,
133,Tuesday,KLO,EJQ,
133,Wednesday,RLH,XYU,
133,Thursday,RVG,JZH,
133,Friday,AKS,AOM,
133,Saturday,AGF,DGO,
134,Sunday,NHP,IHS,queue
134,Monday,TME,PGS,
134,Tuesday,RVQ,RIO,
134,Wednesday,KOQ,XZI,
134,Thursday,DYZ,YZM,
134,Friday,TSZ,NWM,beyond
134,Saturday,NER,VRP,
134,Sunday,URZ,HIM,
134,Monday,FDI,PEN,
134,Tuesday,ZDY,AYM,
134,Wednesday,WMQ,INF,
134,Thursday,GEF,NCF,
134,Friday,QOE,VEI,
134,Saturday,DXT,LQI,
135,Sunday,REG,LID,queue
135,Monday,PEZ,BMH,
135,Tuesday,ZYE,JXT,
135,Wednesday,KTB,KYO,
135,Thursday,GRZ,OCD,
135,Friday,UFG,SHZ,beyond
135,Saturday,ZRL,FDR,
135,Sunday,LZW,KGA,
135,Monday,MBS,JDS,
135,Tuesday,NOM,RMB,
135,Wednesday,XGF,ETS,
135,Thursday,PTD,LSQ,
135,Friday,GFT,SFC,
135,Saturday,IZB,KYG,
136,Sunday,RME,EAL,queue
136,Monday,NWM,QAG,
136,Tuesday,YVO,FSG,
136,Wednesday,NEJ,NAC,
136,Thursday,JXT,VRZ,
136,Friday,THR,ZRL,beyond
136,Saturday,KLO,OBP,
136,Sunday,YWK,AZS,
136,Monday,IAZ,TSZ,
136,Tuesday,EPB,ZKM,
136,Wednesday,SBL,QVC,
136,Thursday,FCD,YUX,
136,Friday,BGJ,LHU,
136,Saturday,LOU,JSM,
137,Sunday,YZM,OAQ,queue
137,Monday,ARI,HSD,
137,Tuesday,TMA,OPN,
137,Wednesday,QKI,COH,
137,Thursday,WOP,TIG,
137,Friday,MLR,CAD,beyond
137,Saturday,EYP,BFP,
137,Sunday,GAV,FRA,
137,Monday,DUK,EPB,
137,Tuesday,RHG,KLF,
137,Wednesday,ZJE,EDW,
137,Thursday,PWT,OQB,
137,Friday,VIS,CQZ,
137,Saturday,ZVP,TPO,
138,Sunday,GXZ,NJA,queue
138,Monday,NYM,SHX,
138,Tuesday,VNO,WFY,
138,Wednesday,FKP,WOP,
138,Thursday,PWN,JNB,
138,Friday,RYI,SZF,beyond
138,Saturday,EDW,TCI,
138,Sunday,XCV,UXB,
138,Monday,OVW,VWI,
138,Tuesday,TND,MLR,
138,Wednesday,VSH,XTS,
138,Thursday,QJI,QGO,
138,Friday,GJA,VST,
138,Saturday,YWD,JZX,
139,Sunday,COR,ZYE,queue
139,Monday,SBT,FLB,
139,Tuesday,CVG,IUM,
139,Wednesday,BAY,JLR,
139,Thursday,MXP,FKS,
139,Friday,JKE,XDC,beyond
139,Saturday,MFO,UIG,
139,Sunday,GBA,BYR,
139,Monday,WOP,OCA,
139,Tuesday,BWH,SCE,
139,Wednesday,SET,TEO,
139,Thursday,YBE,RTN,
139,Friday,HFG,KMF,
139,Saturday,MQX,DUN,
140,Sunday,NCF,VPT,queue
140,Monday,NGO,KER,
140,Tuesday,BQP,TIO,
140,Wednesday,ASD,IDG,
140,Thursday,JLW,YJN,
140,Friday,ZRL,NOM,beyond
140,Saturday,IHS,XVT,
140,Sunday,TIG,CAP,
140,Monday,KLH,ZDY,
140,Tuesday,WLH,EYP,
140,Wednesday,VAG,LKN,
140,Thursday,DNS,WKF,
140,Friday,UXS,RGW,
140,Saturday,ZSB,LUF,
141,Sunday,SFK,NPA,queue
141,Monday,XND,WXZ,
141,Tuesday,JTE,BQW,
141,Wednesday,VEZ,RNF,
141,Thursday,KVX,IXH,
141,Friday,AHP,QCX,beyond
141,Saturday,YBE,PYW,
141,Sunday,AJP,PHW,
141,Monday,VST,LKW,
141,Tuesday,XDC,TJP,
141,Wednesday,DXR,ICL,
141,Thursday,LXG,HZN,
141,Friday,KMO,GIH,
141,Saturday,BWH,ESI,
142,Sunday,OPN,QKZ,queue
142,Monday,RTN,REC,
142,Tuesday,HBT,EGL,
142,Wednesday,JQT,QJH,
142,Thursday,WFR,OYI,
142,Friday,BGJ,FDI,beyond
142,Saturday,AHW,ZJE,
142,Sunday,LFA,WAE,
142,Monday,ERT,FCJ,
142,Tuesday,WQO,WQP,
142,Wednesday,TAV,HKI,
142,Thursday,WXZ,YCT,
142,Friday,BYR,ASD,
142,Saturday,VNO,ONB,
143,Sunday,WEP,BJY,queue
143,Monday,BQO,XWR,
143,Tuesday,VHC,PZD,
143,Wednesday,FCX,QNE,
143,Thursday,DOR,ECO,
143,Friday,BTY,RNF,beyond
143,Saturday,QFW,MBG,
143,Sunday,GNF,IRV,
143,Monday,FSW,TLD,
143,Tuesday,YDA,YVZ,
143,Wednesday,ACX,TME,
143,Thursday,OFE,NSJ,
143,Friday,JLR,SUA,
143,Saturday,INZ,VOG,
144,Sunday,TDS,QUF,queue
144,Monday,SGB,QKI,
144,Tuesday,LBC,UHO,
144,Wednesday,IZB,XSA,
144,Thursday,SWF,AMD,
144,Friday,NOK,NUH,beyond
144,Saturday,JPC,JTE,
144,Sunday,HUT,FKC,
144,Monday,XYU,VPT,
144,Tuesday,IXW,LWP,
144,Wednesday,XCM,VEL,
144,Thursday,ECB,MXP,
144,Friday,FIP,TCY,
144,Saturday,JMU,OTE,
145,Sunday,UBK,ICA,queue
145,Monday,NPU,FQM,
145,Tuesday,KBV,IGR,
145,Wednesday,BOX,XJO,
145,Thursday,YOK,NUZ,
145,Friday,HKI,OFD,beyond
145,Saturday,FCJ,FAZ,
145,Sunday,IMX,BYR,
145,Monday,WAI,SVN,
145,Tuesday,XBN,MJE,
145,Wednesday,RIO,BKS,
145,Thursday,QWB,OFM,
145,Friday,TMZ,TGV,
145,Saturday,SPI,WQO,
146,Sunday,UOD,RIQ,queue
146,Monday,MOE,UEO,
146,Tuesday,AZD,RLA,
146,Wednesday,XRQ,QFA,
146,Thursday,CLU,OVW,
146,Friday,FOW,ZAJ,beyond
146,Saturday,PBZ,VOE,
146,Sunday,SNE,TCU,
146,Monday,LBC,WKF,
146,Tuesday,MPN,YZI,
146,Wednesday,BVD,RWX,
146,Thursday,WOP,KJT,
146,Friday,RVI,QNL,
146,Saturday,QUT,CIQ,
147,Sunday,QGO,OTE,queue
147,Monday,VUX,LMN,
147,Tuesday,QFA,TLU,
147,Wednesday,CDW,DNS,
147,Thursday,EIK,VHS,
147,Friday,ZXF,EOB,beyond
147,Saturday,TGV,DXR,
147,Sunday,LXG,RIM,
147,Monday,DGO,WEN,
147,Tuesday,QUE,VUW,
147,Wednesday,HMJ,HZV,
147,Thursday,NKV,SZF,
147,Friday,JVG,HJU,
147,Saturday,QVR,USE,
148,Sunday,FKS,WQP,queue
148,Monday,MER,LFA,
148,Tuesday,OGU,MZS,
148,Wednesday,FUT,RLI,
148,Thursday,EBQ,PBZ,
148,Friday,SLM,BTC,beyond
148,Saturday,IYU,CNZ,
148,Sunday,IMX,HDI,
148,Monday,IBS,JTC,
148,Tuesday,SXC,DCY,
148,Wednesday,USN,FIP,
148,Thursday,ZSB,XGN,
148,Friday,ECJ,JZT,
148,Saturday,UIA,QAM,
149,Sunday,WNG,JXL,queue
149,Monday,TSZ,XCM,
149,Tuesday,UWE,QAG,
149,Wednesday,ZQS,NGM,
149,Thursday,VUX,EDW,
149,Friday,FSG,JZP,beyond
149,Saturday,CEP,YOK,
149,Sunday,FDY,BNX,
149,Monday,MQU,TND,
149,Tuesday,VJI,TCY,
149,Wednesday,LVF,YZM,
149,Thursday,YOX,PWN,
149,Friday,KYL,UVC,
149,Saturday,INJ,NRZ,
150,Sunday,DEW,KJV,queue
150,Monday,IXH,OND,
150,Tuesday,YJN,KNC,
150,Wednesday,SVY,STW,
150,Thursday,LIW,OEB,
150,Friday,TWU,IJT,beyond
150,Saturday,AGF,VUW,
150,Sunday,NHP,EHR,
150,Monday,ZHQ,INZ,
150,Tuesday,EOW,LWP,
150,Wednesday,EAL,KDQ,
150,Thursday,VJX,VHS,
150,Friday,DFC,YEG,
150,Saturday,EDW,TMA,
151,Sunday,LKN,QFA,queue
151,Monday,ULD,OPN,
151,Tuesday,GLS,PCK,
151,Wednesday,OZG,OXN,
151,Thursday,AYK,DAL,
151,Friday,ZFB,RKU,beyond
151,Saturday,ZGK,XCJ,
151,Sunday,XVL,PGS,
151,Monday,RSK,MER,
151,Tuesday,IVP,GBA,
151,Wednesday,FVE,RHG,
151,Thursday,MZQ,DXT,
151,Friday,NBM,GUK,
151,Saturday,CAD,YDV,
152,Sunday,QFZ,LUW,queue
152,Monday,MLI,VPS,
152,Tuesday,JGM,CHX,
152,Wednesday,AZQ,CIV,
152,Thursday,PCT,EIK,
152,Friday,EYW,RUT,beyond
152,Saturday,PYW,QFW,
152,Sunday,MKU,SZX,
152,Monday,SHZ,VXU,
152,Tuesday,UFG,UXB,
152,Wednesday,DGO,OCZ,
152,Thursday,DKX,FOV,
152,Friday,RLZ,GCB,
152,Saturday,NJA,NTP,
153,Sunday,MQN,EAX,queue
153,Monday,AJI,CAP,
153,Tuesday,MQX,CPH,
153,Wednesday,MZS,JUC,
153,Thursday,DBW,HIS,
153,Friday,UFW,VLY,beyond
153,Saturday,ETP,ASD,
153,Sunday,ETS,DQA,
153,Monday,FKS,COR,
153,Tuesday,EPB,XOE,
153,Wednesday,MZF,EGQ,
153,Thursday,QNT,LVE,
153,Friday,WEG,GBA,
153,Saturday,PHD,MWB,
154,Sunday,PQK,GTL,queue
154,Monday,TLU,DXT,
154,Tuesday,ATJ,TGA,
154,Wednesday,ZQD,PVQ,
154,Thursday,PER,IYU,
154,Friday,LKN,MKU,beyond
154,Saturday,GED,ECB,
154,Sunday,HJU,YDA,
154,Monday,NGM,AGN,
154,Tuesday,UMC,COH,
154,Wednesday,JXT,VQY,
154,Thursday,STF,YKJ,
154,Friday,XPQ,JMP,
154,Saturday,WHN,YIX,
155,Sunday,SXT,EOD,queue
155,Monday,VRH,LXG,
155,Tuesday,BMD,OGU,
155,Wednesday,MTY,VYP,
155,Thursday,KFU,OFM,
155,Friday,EYW,EFB,beyond
155,Saturday,EAL,OCD,
155,Sunday,MSP,IKU,
155,Monday,IDS,JQX,
155,Tuesday,GHY,WRF,
155,Wednesday,YKJ,QIO,
155,Thursday,ICL,NUZ,
155,Friday,SET,MQN,
155,Saturday,QKG,VIS,
156,Sunday,BGK,WFJ,queue
156,Monday,WKF,TSZ,
156,Tuesday,SHX,BEP,
156,Wednesday,MSR,MZF,
156,Thursday,EAX,SXC,
156,Friday,EGQ,XJO,beyond
156,Saturday,OVN,MXB,
156,Sunday,QJH,VKJ,
156,Monday,JUC,WQA,
156,Tuesday,LMN,RIK,
156,Wednesday,KBR,ZQD,
156,Thursday,FYE,ZKX,
156,Friday,CAD,PWT,
156,Saturday,CLT,VUX,
157,Sunday,QEW,OBP,queue
157,Monday,IUY,ULD,
157,Tuesday,YWC,BYN,
157,Wednesday,VJC,LTR,
157,Thursday,FEM,NCF,
157,Friday,AOM,SCJ,beyond
157,Saturday,DCV,GQV,
157,Sunday,CIQ,WRF,
157,Monday,XRU,VJX,
157,Tuesday,JDS,FHZ,
157,Wednesday,JZT,ZQS,
157,Thursday,ANY,IWZ,
157,Friday,IUZ,WAI,
157,Saturday,SPI,BUW,
158,Sunday,FQM,JZP,queue
158,Monday,RGW,UBK,
158,Tuesday,NCF,NEH,
158,Wednesday,UEO,YBD,
158,Thursday,NEJ,XSY,
158,Friday,XOE,UVC,beyond
158,Saturday,BCY,MWA,
158,Sunday,FRM,SET,
158,Monday,SOI,MOE,
158,Tuesday,NUZ,UKH,
158,Wednesday,ZFB,UKD,
158,Thursday,BAY,CNZ,
158,Friday,JBS,ZQN,
158,Saturday,JNB,LVK,
159,Sunday,BYR,NER,queue
159,Monday,MJE,QVR,
159,Tuesday,ZYE,KQA,
159,Wednesday,MUQ,WAI,
159,Thursday,QCX,JMU,
159,Friday,HTQ,BFP,beyond
159,Saturday,HUT,QRZ,
159,Sunday,HDL,ZUK,
159,Monday,WUJ,SHV,
159,Tuesday,EYJ,ECV,
159,Wednesday,SHZ,IAB,
159,Thursday,RWG,OEB,
159,Friday,PBZ,HOC,
159,Saturday,COH,FZQ,
160,Sunday,FQM,JWM,queue
160,Monday,WAE,NVT,
160,Tuesday,BUP,DST,
160,Wednesday,WIM,KBR,
160,Thursday,LSQ,VKJ,
160,Friday,MSP,QUF,beyond
160,Saturday,NCF,HFA,
160,Sunday,JKF,TIO,
160,Monday,AZQ,XCV,
160,Tuesday,ZAJ,BPI,
160,Wednesday,DUJ,TMR,
160,Thursday,OQB,OVN,
160,Friday,HOK,HJT,
160,Saturday,MAV,RIQ,
161,Sunday,HZV,DEW,queue
161,Monday,PNZ,WOA,
161,Tuesday,BPI,WFR,
161,Wednesday,FNE,XRQ,
161,Thursday,VOC,ZGQ,
161,Friday,FRA,QVJ,beyond
161,Saturday,KGI,QXB,
161,Sunday,OCD,MSR,
161,Monday,FDI,MOS,
161,Tuesday,GNF,DYN,
161,Wednesday,FBC,VEI,
161,Thursday,WLH,ZKM,
161,Friday,ORI,KNC,
161,Saturday,OXQ,OAI,
162,Sunday,XFG,DYA,queue
162,Monday,NTP,BVD,
162,Tuesday,SGU,NDM,
162,Wednesday,MOJ,LWF,
162,Thursday,BZM,PEN,
162,Friday,RMB,NHK,beyond
162,Saturday,KIL,THR,
162,Sunday,MZQ,CLU,
162,Monday,TAS,CWX,
162,Tuesday,HBT,KMO,
162,Wednesday,KFV,WQO,
162,Thursday,SOI,IVP,
162,Friday,IDS,KBO,
162,Saturday,AZD,NMY,
163,Sunday,MQR,IZB,queue
163,Monday,YDV,BJR,
163,Tuesday,TIG,CNZ,
163,Wednesday,CAP,SXM,
163,Thursday,FQM,MLI,
163,Friday,EHR,CVG,beyond
163,Saturday,LVF,BOT,
163,Sunday,FKP,OVL,
163,Monday,VJI,RLH,
163,Tuesday,XBN,MEH,
163,Wednesday,EFI,VCU,
163,Thursday,PQK,HTQ,
163,Friday,SCJ,KIL,
163,Saturday,IWZ,PMA,
164,Sunday,TEO,VQK,queue
164,Monday,GWU,TBY,
164,Tuesday,CHL,QUE,
164,Wednesday,THR,HKI,
164,Thursday,FYM,XMP,
164,Friday,QRZ,SZX,beyond
164,Saturday,OBF,SCF,
164,Sunday,XWR,WLR,
164,Monday,QRP,WFY,
164,Tuesday,YZM,KBR,
164,Wednesday,WRF,FYI,
164,Thursday,QOF,HSD,
164,Friday,YWD,XRU,
164,Saturday,JXT,RGJ,
165,Sunday,SZX,ZMF,queue
165,Monday,BUW,TYO,
165,Tuesday,PCT,FBC,
165,Wednesday,KWG,QJH,
165,Thursday,BCY,HBT,
165,Friday,YJF,PBZ,beyond
165,Saturday,KJT,TYG,
165,Sunday,CKQ,RYI,
165,Monday,EKX,EJQ,
165,Tuesday,KDO,UWX,
165,Wednesday,NJX,EKO,
165,Thursday,XAL,LVK,
165,Friday,DUN,ANU,
165,Saturday,GJA,YEG,
166,Sunday,ICL,YHC,queue
166,Monday,NMP,KDR,
166,Tuesday,EHS,GLS,
166,Wednesday,VPS,RBO,
166,Thursday,GRZ,KFJ,
166,Friday,VOG,YZD,beyond
166,Saturday,WPF,NUH,
166,Sunday,DQU,YPC,
166,Monday,TVM,FDY,
166,Tuesday,JAL,MQN,
166,Wednesday,IJT,QKS,
166,Thursday,ICA,XTS,
166,Friday,XZI,FAZ,
166,Saturday,MOS,FUT,
167,Sunday,IJX,EOW,queue
167,Monday,ZXF,XCV,
167,Tuesday,JXL,IBU,
167,Wednesday,NSD,PTD,
167,Thursday,SXM,UEO,
167,Friday,GMX,SNE,beyond
167,Saturday,XVT,VNM,
167,Sunday,LGR,BGJ,
167,Monday,DAL,WHN,
167,Tuesday,MTS,XYU,
167,Wednesday,SUA,IAZ,
167,Thursday,EYW,LVE,
167,Friday,LWP,CSH,
167,Saturday,EJI,BJY,
168,Sunday,EHZ,EAJ,queue
168,Monday,DXT,WEP,
168,Tuesday,RVG,EHR,
168,Wednesday,RLA,OSM,
168,Thursday,GED,WUJ,
168,Friday,ASO,TBY,beyond
168,Saturday,DXR,LSX,
168,Sunday,PTD,RDY,
168,Monday,RIM,JSW,
168,Tuesday,QYX,XJV,
168,Wednesday,MUY,BMH,
168,Thursday,ZXV,IWA,
168,Friday,STV,EBH,
168,Saturday,KQL,USN,
169,Sunday,WFK,EKO,queue
169,Monday,EQG,TYK,
169,Tuesday,LFO,TGV,
169,Wednesday,WPF,KDR,
169,Thursday,BUW,KIL,
169,Friday,EIK,SRQ,beyond
169,Saturday,UVQ,CLU,
169,Sunday,ZAJ,GUK,
169,Monday,IXW,VWI,
169,Tuesday,SKT,YDP,
169,Wednesday,AXO,IXH,
169,Thursday,LYE,INJ,
169,Friday,ZRL,GAV,
169,Saturday,TVM,SNQ,
170,Sunday,VBT,LNH,queue
170,Monday,COL,IBS,
170,Tuesday,DYA,WCS,
170,Wednesday,GQV,DAL,
170,Thursday,XMG,AVG,
170,Friday,RNW,SVA,beyond
170,Saturday,KFR,XND,
170,Sunday,ITN,GCV,
170,Monday,TLD,QAG,
170,Tuesday,OQB,FRM,
170,Wednesday,JFE,NPW,
170,Thursday,RLZ,HOK,
170,Friday,OAI,ZJE,
170,Saturday,QKG,WFK,
171,Sunday,FAO,OGU,queue
171,Monday,LVE,WFY,
171,Tuesday,TBF,JAU,
171,Wednesday,LNH,OND,
171,Thursday,BTE,GRZ,
171,Friday,ECV,GLO,beyond
171,Saturday,ZFL,EIK,
171,Sunday,BMH,VRH,
171,Monday,ITU,EAL,
171,Tuesday,BZP,YUQ,
171,Wednesday,ZIW,NPU,
171,Thursday,AWK,UMQ,
171,Friday,SQP,SVM,
171,Saturday,GLQ,UWX,
172,Sunday,URF,XVT,queue
172,Monday,YUQ,PGS,
172,Tuesday,JMP,WIM,
172,Wednesday,JGM,VOG,
172,Thursday,STW,FIH,
172,Friday,MUY,ZTC,beyond
172,Saturday,NVT,BOT,
172,Sunday,WLR,JPO,
172,Monday,JBZ,EFB,
172,Tuesday,ZKM,NLB,
172,Wednesday,IUM,NPA,
172,Thursday,JQG,GMX,
172,Friday,CDW,FSG,
172,Saturday,MQN,DES,
173,Sunday,UWX,DCY,queue
173,Monday,VRP,MPX,
173,Tuesday,VJX,KDO,
173,Wednesday,MPF,GIH,
173,Thursday,NHK,TOH,
173,Friday,JAE,HMJ,beyond
173,Saturday,YWD,FSW,
173,Sunday,GHM,MJE,
173,Monday,TIO,NOK,
173,Tuesday,LRC,DUJ,
173,Wednesday,AQO,WLE,
173,Thursday,EGL,RLI,
173,Friday,JEK,HFA,
173,Saturday,ORI,DQE,
174,Sunday,ETS,QRZ,queue
174,Monday,AVG,SKT,
174,Tuesday,RHG,NVT,
174,Wednesday,SCF,KWF,
174,Thursday,SCE,TDU,
174,Friday,NUH,ZVX,beyond
174,Saturday,SMG,FCD,
174,Sunday,BDZ,MPF,
174,Monday,LID,JUC,
174,Tuesday,PLM,AQO,
174,Wednesday,ZUK,RIM,
174,Thursday,OAI,QFW,
174,Friday,EAJ,HBT,
174,Saturday,LKV,MQR,
175,Sunday,XED,UMQ,queue
175,Monday,JQX,XRU,
175,Tuesday,MZF,GFN,
175,Wednesday,MKW,FAO,
175,Thursday,YDP,CZQ,
175,Friday,QCA,GLT,beyond
175,Saturday,OGS,GED,
175,Sunday,GNF,WOA,
175,Monday,VEZ,PDX,
175,Tuesday,TMA,SQZ,
175,Wednesday,XWR,HZN,
175,Thursday,LTR,JKE,
175,Friday,SBL,MKV,
175,Saturday,VRH,RWX,
176,Sunday,GQV,HPG,queue
176,Monday,OBF,WQE,
176,Tuesday,IHL,CSE,
176,Wednesday,EKO,NVB,
176,Thursday,KDQ,LQX,
176,Friday,KYG,PKY,beyond
176,Saturday,YWK,CZE,
176,Sunday,ECJ,VFT,
176,Monday,ICL,ZIW,
176,Tuesday,FHZ,DQU,
176,Wednesday,OCZ,XSY,
176,Thursday,RUT,YTG,
176,Friday,MTY,IDS,
176,Saturday,STV,YEG,
177,Sunday,KZC,GMJ,queue
177,Monday,ZIY,XRQ,
177,Tuesday,LUF,HIS,
177,Wednesday,XMP,BQP,
177,Thursday,BPI,YKJ,
177,Friday,POB,ONB,beyond
177,Saturday,HBI,LQI,
177,Sunday,HXZ,EJK,
177,Monday,TMZ,CIQ,
177,Tuesday,ZIW,TME,
177,Wednesday,FDR,PBU,
177,Thursday,EGO,IUZ,
177,Friday,LXG,NCF,
177,Saturday,NLB,SHV,
178,Sunday,MWB,HFG,queue
178,Monday,XOF,MUQ,
178,Tuesday,FLB,NDU,
178,Wednesday,UIG,FOW,
178,Thursday,DCY,YDP,
178,Friday,KBR,DXG,beyond
178,Saturday,LID,DFT,
178,Sunday,RSI,CKQ,
178,Monday,GLO,OVW,
178,Tuesday,IGR,FZV,
178,Wednesday,YSO,KTB,
178,Thursday,OGU,AXO,
178,Friday,PNZ,XDE,
178,Saturday,AQO,QEW,
179,Sunday,ARY,PEZ,queue
179,Monday,FYI,JZH,
179,Tuesday,XGN,VRZ,
179,Wednesday,XVL,SCX,
179,Thursday,JGP,SGU,
179,Friday,FOW,QRP,beyond
179,Saturday,OQB,DUN,
179,Sunday,MSR,WIM,
179,Monday,PQZ,QKG,
179,Tuesday,NJX,ZGL,
179,Wednesday,PEN,MPF,
179,Thursday,ZAB,NOM,
179,Friday,CDA,YKJ,
179,Saturday,IGL,KYG,
180,Sunday,GLT,YIX,queue
180,Monday,MER,JQG,
180,Tuesday,YCM,ORM,
180,Wednesday,QNL,ONB,
180,Thursday,TCY,GCV,
180,Friday,RGJ,PLM,beyond
180,Saturday,UMC,LBT,
180,Sunday,FAO,FYE,
180,Monday,LSF,EJI,
180,Tuesday,TYG,GTE,
180,Wednesday,FCX,QKS,
180,Thursday,WEN,PER,
180,Friday,PDX,CQZ,
180,Saturday,JZX,ECI,
181,Sunday,ZVX,MPX,queue
181,Monday,SQZ,OVR,
181,Tuesday,ASO,INZ,
181,Wednesday,XZI,WFJ,
181,Thursday,TKV,EHS,
181,Friday,ZQN,XRY,beyond
181,Saturday,BEP,SWF,
181,Sunday,NLT,GED,
181,Monday,EOP,OMN,
181,Tuesday,FIE,IHS,
181,Wednesday,ACX,QMU,
181,Thursday,CZE,HOC,
181,Friday,VOE,GNF,
181,Saturday,YCT,IAB,
182,Sunday,FVE,FPJ,queue
182,Monday,EOB,KZC,
182,Tuesday,GKB,VJZ,
182,Wednesday,XED,XNT,
182,Thursday,LRC,CIV,
182,Friday,CPM,KOQ,beyond
182,Saturday,GLN,MRN,
182,Sunday,SKT,OFD,
182,Monday,IAB,YVO,
182,Tuesday,RMO,TYG,
182,Wednesday,TND,ZFL,
182,Thursday,BJR,UVM,
182,Friday,INF,QOF,
182,Saturday,ERT,SFK,
183,Sunday,FHZ,OGS,queue
183,Monday,SXC,XYU,
183,Tuesday,IAC,RVG,
183,Wednesday,WRF,XWR,
183,Thursday,NAC,VFT,
183,Friday,XGN,ARI,beyond
183,Saturday,FZQ,PCT,
183,Sunday,XPQ,MKW,
183,Monday,HXZ,RBO,
183,Tuesday,LKN,NBM,
183,Wednesday,OVL,EKO,
183,Thursday,FDH,LCK,
183,Friday,GMJ,OJA,
183,Saturday,HDI,COL,
184,Sunday,EAJ,GKW,queue
184,Monday,NKV,STF,
184,Tuesday,ETP,HQL,
184,Wednesday,UVC,ZGK,
184,Thursday,JWM,RVQ,
184,Friday,HBT,KBV,beyond
184,Saturday,QUE,IOU,
184,Sunday,QCL,VQY,
184,Monday,FDZ,QVC,
184,Tuesday,JGP,OMX,
184,Wednesday,TME,KFR,
184,Thursday,MWB,NVB,
184,Friday,BXO,WHN,
184,Saturday,SCX,OTE,
185,Sunday,TGV,BQP,queue
185,Monday,LKV,ECO,
185,Tuesday,QSJ,JMU,
185,Wednesday,PKU,DUK,
185,Thursday,DYA,XRY,
185,Friday,PKR,DFT,beyond
185,Saturday,ITU,BID,
185,Sunday,TAS,JYI,
185,Monday,FOW,PER,
185,Tuesday,CSE,OSI,
185,Wednesday,ZJE,ORI,
185,Thursday,XSA,JEK,
185,Friday,KLO,WLH,
185,Saturday,FIH,VKJ,
186,Sunday,FVT,MQX,queue
186,Monday,ASE,MQU,
186,Tuesday,XDC,TDU,
186,Wednesday,DQA,ZBU,
186,Thursday,CAP,TRS,
186,Friday,IZU,QFW,beyond
186,Saturday,ZPR,NYK,
186,Sunday,OGU,OCA,
186,Monday,JZH,TJY,
186,Tuesday,TAH,FVE,
186,Wednesday,AHW,LVF,
186,Thursday,MBG,VJZ,
186,Friday,PEN,STV,
186,Saturday,EBQ,UMV,
187,Sunday,ONG,YVZ,queue
187,Monday,YPC,CKQ,
187,Tuesday,DQE,MQV,
187,Wednesday,KZC,WFR,
187,Thursday,AOM,OLA,
187,Friday,FYZ,SWF,beyond
187,Saturday,TIO,EYJ,
187,Sunday,SRD,BWH,
187,Monday,NVT,XMG,
187,Tuesday,WUJ,SPI,
187,Wednesday,XSA,NDM,
187,Thursday,XRQ,PFX,
187,Friday,OZG,WPO,
187,Saturday,NSJ,BKI,
188,Sunday,FDR,HUT,queue
188,Monday,OVW,HZN,
188,Tuesday,GQF,ASE,
188,Wednesday,RIM,CLN,
188,Thursday,ECV,YJF,
188,Friday,YBD,MUY,beyond
188,Saturday,IVP,PKU,
188,Sunday,KGI,FAO,
188,Monday,CKQ,BPI,
188,Tuesday,NEQ,YVG,
188,Wednesday,DGO,FOV,
188,Thursday,WIM,INZ,
188,Friday,GHM,UIA,
188,Saturday,EST,GJA,
189,Sunday,YTG,UXS,queue
189,Monday,BVD,GFT,
189,Tuesday,XLY,RLH,
189,Wednesday,EFS,VST,
189,Thursday,OND,PFX,
189,Friday,EKX,TBF,beyond
189,Saturday,DYN,ZUK,
189,Sunday,MOJ,SPC,
189,Monday,PLM,ZDW,
189,Tuesday,ZIT,OGS,
189,Wednesday,KWG,LQX,
189,Thursday,GJO,MUQ,
189,Friday,XJV,ZFB,
189,Saturday,JUC,RKF,
190,Sunday,ASG,ZSB,queue
190,Monday,FYA,LAG,
190,Tuesday,JTC,IJX,
190,Wednesday,DUN,BSI,
190,Thursday,WAE,LOJ,
190,Friday,REC,RWG,beyond
190,Saturday,JSW,HXV,
190,Sunday,OVR,CLT,
190,Monday,AOD,ZIT,
190,Tuesday,SVM,FYZ,
190,Wednesday,YVG,LHU,
190,Thursday,URF,NEJ,
190,Friday,VOG,CHX,
190,Saturday,NJA,ETS,
191,Sunday,AZS,CDA,queue
191,Monday,GLS,JVG,
191,Tuesday,ACW,PKY,
191,Wednesday,BQY,ITN,
191,Thursday,HTC,RKU,
191,Friday,QZY,BXV,beyond
191,Saturday,HDI,UWX,
191,Sunday,GCH,ZIW,
191,Monday,SMG,PDL,
191,Tuesday,EJQ,VBT,
191,Wednesday,UWY,HFA,
191,Thursday,LHU,YZI,
191,Friday,XCJ,MEF,
191,Saturday,PQZ,NEQ,
192,Sunday,SRD,MZS,queue
192,Monday,YPC,SVA,
192,Tuesday,SZF,ZQS,
192,Wednesday,AXO,LNH,
192,Thursday,BXV,JQT,
192,Friday,LSX,LVF,beyond
192,Saturday,VFT,ZIT,
192,Sunday,OJA,BXO,
192,Monday,KDQ,DRH,
192,Tuesday,PYW,IGR,
192,Wednesday,NWM,BKS,
192,Thursday,XED,OXQ,
192,Friday,NPW,PWT,
192,Saturday,MAV,KYO,
193,Sunday,FVO,YCT,queue
193,Monday,TYG,NMY,
193,Tuesday,VEI,MZQ,
193,Wednesday,GLT,TJP,
193,Thursday,NUZ,UKH,
193,Friday,SWT,BDZ,beyond
193,Saturday,VEL,CHL,
193,Sunday,ISX,VJC,
193,Monday,JMP,WIM,
193,Tuesday,JLR,SCJ,
193,Wednesday,VNM,DST,
193,Thursday,AVG,QMU,
193,Friday,INJ,LYE,
193,Saturday,OXQ,QWB,
194,Sunday,GYV,LIM,queue
194,Monday,GAV,CPH,
194,Tuesday,SOV,LVE,
194,Wednesday,OBP,IMX,
194,Thursday,MQR,LCK,
194,Friday,CLN,OFE,beyond
194,Saturday,QVJ,TKV,
194,Sunday,OYI,CVG,
194,Monday,HJT,ZSB,
194,Tuesday,BKI,WXZ,
194,Wednesday,ITU,FCX,
194,Thursday,HMJ,CKL,
194,Friday,QFA,YDV,
194,Saturday,RNF,MTY,
195,Sunday,FDY,WEP,queue
195,Monday,RIO,KVR,
195,Tuesday,MXB,DUV,
195,Wednesday,DQE,UFW,
195,Thursday,KYO,TAH,
195,Friday,PER,FYA,beyond
195,Saturday,QWL,IAC,
195,Sunday,TMR,TYO,
195,Monday,UHO,AQN,
195,Tuesday,DYA,SXB,
195,Wednesday,OVL,VXU,
195,Thursday,QUF,KSZ,
195,Friday,QSJ,IAZ,
195,Saturday,FRA,WOP,
196,Sunday,EGQ,REG,queue
196,Monday,GCB,EZW,
196,Tuesday,ZQD,PDL,
196,Wednesday,ACS,FSG,
196,Thursday,EHR,SXM,
196,Friday,MJE,TOH,beyond
196,Saturday,BJY,GRZ,
196,Sunday,YSO,NHP,
196,Monday,ZHQ,XLY,
196,Tuesday,FPN,XCM,
196,Wednesday,YZI,STW,
196,Thursday,ZPF,IBS,
196,Friday,HKP,TCI,
196,Saturday,AKS,OVW,
197,Sunday,NOM,YDA,queue
197,Monday,PBZ,SPC,
197,Tuesday,KYO,FYP,
197,Wednesday,CZE,CEP,
197,Thursday,ZXF,TJY,
197,Friday,KVX,LUF,beyond
197,Saturday,ELX,SOI,
197,Sunday,LUW,JGP,
197,Monday,DYZ,PHD,
197,Tuesday,WQE,ZAB,
197,Wednesday,DFC,MEH,
197,Thursday,BZP,IKU,
197,Friday,ONB,YWD,
197,Saturday,ZKX,MQN,
198,Sunday,TCU,RDY,queue
198,Monday,WHN,BMD,
198,Tuesday,UKH,PNZ,
198,Wednesday,BQY,GZO,
198,Thursday,KJT,NVB,
198,Friday,THR,BQO,beyond
198,Saturday,NDU,FOW,
198,Sunday,VEZ,JML,
198,Monday,OEB,VUX,
198,Tuesday,VBT,XGN,
198,Wednesday,LXM,LBC,
198,Thursday,KGA,ZVP,
198,Friday,GFN,EXB,
198,Saturday,FEM,EJQ,
199,Sunday,RGW,BXT,queue
199,Monday,OCZ,PTD,
199,Tuesday,AHW,NSD,
199,Wednesday,JPC,WEN,
199,Thursday,OLY,IBS,
199,Friday,GXZ,ZRL,beyond
199,Saturday,TDS,KLH,
199,Sunday,BDZ,ECB,
199,Monday,ASG,PWF,
199,Tuesday,UHY,MOJ,
199,Wednesday,VCU,RUT,
199,Thursday,VJC,ECJ,
199,Friday,IKU,ZPR,
199,Saturday,PMA,DQU,
200,Sunday,QAG,HDL,queue
200,Monday,SVJ,GCH,
200,Tuesday,JMT,FBC,
200,Wednesday,CLU,FCX,
200,Thursday,LWF,DWY,
200,Friday,TFB,EAJ,beyond
200,Saturday,YVZ,KVQ,
200,Sunday,AZQ,DSL,
200,Monday,MPN,ZDN,
200,Tuesday,GTL,BUJ,
200,Wednesday,LIM,HUX,
200,Thursday,SFC,PVQ,
200,Friday,GCV,EIK,
200,Saturday,DES,QKZ,
201,Sunday,TPO,MTY,queue
201,Monday,BMH,YCM,
201,Tuesday,NMY,QUW,
201,Wednesday,UBM,PEZ,
201,Thursday,COR,EYJ,
201,Friday,QIO,QCA,beyond
201,Saturday,TVW,FCJ,
201,Sunday,VQK,EHS,
201,Monday,VOE,LOU,
201,Tuesday,XRY,NOM,
201,Wednesday,RGJ,EJK,
201,Thursday,PKR,EGQ,
201,Friday,KBR,KZC,
201,Saturday,LUF,QRP,
202,Sunday,QCA,MXB,queue
202,Monday,NDM,VJX,
202,Tuesday,BGJ,RGW,
202,Wednesday,NVT,RYI,
202,Thursday,MZF,BQW,
202,Friday,VPS,UKD,beyond
202,Saturday,ZKX,URZ,
202,Sunday,VWI,ZSO,
202,Monday,DFT,VHC,
202,Tuesday,BSI,GWM,
202,Wednesday,QEW,AZQ,
202,Thursday,UXB,JPC,
202,Friday,GMD,BZM,
202,Saturday,YHC,LIW,
203,Sunday,COL,CWS,queue
203,Monday,PEQ,CPH,
203,Tuesday,PKU,PRQ,
203,Wednesday,ZVX,ZDN,
203,Thursday,XJO,GLS,
203,Friday,HKP,AGN,beyond
203,Saturday,WFJ,LKW,
203,Sunday,FIH,ZPF,
203,Monday,TPO,UVQ,
203,Tuesday,TDS,MHL,
203,Wednesday,ULO,XAL,
203,Thursday,TOH,JAL,
203,Friday,GQF,YCM,
203,Saturday,MKU,SLM,
204,Sunday,WFR,YVZ,queue
204,Monday,ACZ,DGO,
204,Tuesday,RCQ,QXB,
204,Wednesday,ATX,WMQ,
204,Thursday,KNC,EZB,
204,Friday,QJI,MOJ,beyond
204,Saturday,ICA,NEJ,
204,Sunday,BZP,NHK,
204,Monday,PWF,FZQ,
204,Tuesday,KMF,MBG,
204,Wednesday,EJQ,FIE,
204,Thursday,XVL,CLT,
204,Friday,HDL,AYK,
204,Saturday,GHY,OYI,
205,Sunday,XMP,RUE,queue
205,Monday,SBF,PRQ,
205,Tuesday,SJI,JNB,
205,Wednesday,ACW,QIN,
205,Thursday,AMD,NHP,
205,Friday,UXS,MXC,beyond
205,Saturday,DEW,XTJ,
205,Sunday,DBW,REC,
205,Monday,HZN,YWC,
205,Tuesday,BJR,GLT,
205,Wednesday,JFE,TPO,
205,Thursday,OAQ,FLB,
205,Friday,IOU,TQO,
205,Saturday,HJU,BGK,
206,Sunday,MAV,FVO,queue
206,Monday,PSM,VPS,
206,Tuesday,QGO,MQV,
206,Wednesday,MQN,NPU,
206,Thursday,SRZ,EYW,
206,Friday,UIR,VOC,beyond
206,Saturday,BNX,BZR,
206,Sunday,EXB,XUP,
206,Monday,XND,CHL,
206,Tuesday,CPM,MKW,
206,Wednesday,WKF,EGO,
206,Thursday,IUM,SFK,
206,Friday,MOB,IOU,
206,Saturday,RMO,ETP,
207,Sunday,ETP,RVQ,queue
207,Monday,OGM,TAH,
207,Tuesday,YSO,OGE,
207,Wednesday,SWF,WEG,
207,Thursday,LWF,TCU,
207,Friday,RKU,VLY,beyond
207,Saturday,LZG,CDW,
207,Sunday,NOK,VNO,
207,Monday,WEN,GQF,
207,Tuesday,STF,EOW,
207,Wednesday,VYP,NMP,
207,Thursday,PCK,WNG,
207,Friday,AYM,UVQ,
207,Saturday,PFG,BXV,
208,Sunday,QMU,LTR,queue
208,Monday,LUF,JFE,
208,Tuesday,SXC,FOV,
208,Wednesday,GCH,EQG,
208,Thursday,XZI,SOI,
208,Friday,MXP,PQK,beyond
208,Saturday,WQP,OGM,
208,Sunday,KLF,VQH,
208,Monday,DOR,EKX,
208,Tuesday,IRV,XTS,
208,Wednesday,HIS,HKI,
208,Thursday,IJX,QFZ,
208,Friday,ZGQ,RMB,
208,Saturday,NER,HDL,
209,Sunday,SNE,BUJ,queue
209,Monday,QOF,MAV,
209,Tuesday,MKU,NAF,
209,Wednesday,RYI,ZDW,
209,Thursday,MKV,UWY,
209,Friday,JNB,LYE,beyond
209,Saturday,QXB,EAX,
209,Sunday,VJI,BID,
209,Monday,AOD,DYZ,
209,Tuesday,TRS,QWL,
209,Wednesday,ZDN,XUP,
209,Thursday,CWS,UWE,
209,Friday,TEO,NSR,
209,Saturday,NEQ,EFS,
210,Sunday,LVE,WAO,queue
210,Monday,SNQ,YQG,
210,Tuesday,YJN,TVM,
210,Wednesday,SQZ,LCU,
210,Thursday,BDZ,KBO,
210,Friday,XTS,DUJ,beyond
210,Saturday,NLB,PQZ,
210,Sunday,NEH,VNO,
210,Monday,FCD,SBL,
210,Tuesday,MEF,YLZ,
210,Wednesday,INF,UIG,
210,Thursday,FLB,ZFL,
210,Friday,UBO,ORI,
210,Saturday,YVZ,PTD,
211,Sunday,HJT,ZVX,queue
211,Monday,YCT,TGA,
211,Tuesday,VJC,QCA,
211,Wednesday,FZQ,VNM,
211,Thursday,RIK,STF,
211,Friday,PRQ,ECO,beyond
211,Saturday,JGP,YWK,
211,Sunday,GBA,JGM,
211,Monday,IXW,OFE,
211,Tuesday,TJY,CQZ,
211,Wednesday,QKS,IGL,
211,Thursday,DST,HPG,
211,Friday,XFG,CFK,
211,Saturday,YVG,MBS,
212,Sunday,QIO,FDZ,queue
212,Monday,FUP,RPS,
212,Tuesday,TYO,XTG,
212,Wednesday,GWU,WAO,
212,Thursday,BQP,NJA,
212,Friday,SCX,JQX,beyond
212,Saturday,TQO,RUE,
212,Sunday,MLI,DSP,
212,Monday,MWB,OGE,
212,Tuesday,UVQ,TDU,
212,Wednesday,TMA,IXW,
212,Thursday,GED,TAV,
212,Friday,UWY,YSO,
212,Saturday,YDV,TLD,
213,Sunday,FKP,EOB,queue
213,Monday,RWX,QVJ,
213,Tuesday,ZKM,LFO,
213,Wednesday,SBI,ITU,
213,Thursday,JYI,SHV,
213,Friday,VRZ,XOF,beyond
213,Saturday,NKV,ZHQ,
213,Sunday,BUJ,OQB,
213,Monday,HPG,XNT,
213,Tuesday,TCI,QJH,
213,Wednesday,DUK,MQU,
213,Thursday,WPO,DOR,
213,Friday,EXB,TWU,
213,Saturday,PCK,NSR,
214,Sunday,AWE,OAI,queue
214,Monday,SNH,BXT,
214,Tuesday,ZSO,GMD,
214,Wednesday,FUT,QCA,
214,Thursday,BMD,TMZ,
214,Friday,SCF,GLQ,beyond
214,Saturday,ZTC,IAB,
214,Sunday,ONB,ELX,
214,Monday,QKS,SJI,
214,Tuesday,XTG,GCH,
214,Wednesday,KGA,TND,
214,Thursday,ITN,FPJ,
214,Friday,ZIT,XAL,
214,Saturday,SVJ,EOP,
215,Sunday,XAL,PCT,
215,Monday,RWX,PQK,
215,Tuesday,GIH,OMX,
215,Wednesday,NSR,VPS,
